-- MySQL dump 10.13  Distrib 5.7.17, for Win64 (x86_64)
--
-- Host: localhost    Database: bgb
-- ------------------------------------------------------
-- Server version	5.7.16-log

/*!40101 SET @OLD_CHARACTER_SET_CLIENT=@@CHARACTER_SET_CLIENT */;
/*!40101 SET @OLD_CHARACTER_SET_RESULTS=@@CHARACTER_SET_RESULTS */;
/*!40101 SET @OLD_COLLATION_CONNECTION=@@COLLATION_CONNECTION */;
/*!40101 SET NAMES utf8 */;
/*!40103 SET @OLD_TIME_ZONE=@@TIME_ZONE */;
/*!40103 SET TIME_ZONE='+00:00' */;
/*!40014 SET @OLD_UNIQUE_CHECKS=@@UNIQUE_CHECKS, UNIQUE_CHECKS=0 */;
/*!40014 SET @OLD_FOREIGN_KEY_CHECKS=@@FOREIGN_KEY_CHECKS, FOREIGN_KEY_CHECKS=0 */;
/*!40101 SET @OLD_SQL_MODE=@@SQL_MODE, SQL_MODE='NO_AUTO_VALUE_ON_ZERO' */;
/*!40111 SET @OLD_SQL_NOTES=@@SQL_NOTES, SQL_NOTES=0 */;

--
-- Table structure for table `admin`
--

DROP TABLE IF EXISTS `admin`;
/*!40101 SET @saved_cs_client     = @@character_set_client */;
/*!40101 SET character_set_client = utf8 */;
CREATE TABLE `admin` (
  `username` varchar(110) DEFAULT NULL,
  `password` varchar(110) DEFAULT NULL,
  `id` int(11) NOT NULL,
  PRIMARY KEY (`id`)
) ENGINE=InnoDB DEFAULT CHARSET=utf8;
/*!40101 SET character_set_client = @saved_cs_client */;

--
-- Dumping data for table `admin`
--

LOCK TABLES `admin` WRITE;
/*!40000 ALTER TABLE `admin` DISABLE KEYS */;
INSERT INTO `admin` VALUES ('admin','bgb',1),('shahad','wewe',2);
/*!40000 ALTER TABLE `admin` ENABLE KEYS */;
UNLOCK TABLES;

--
-- Table structure for table `capture`
--

DROP TABLE IF EXISTS `capture`;
/*!40101 SET @saved_cs_client     = @@character_set_client */;
/*!40101 SET character_set_client = utf8 */;
CREATE TABLE `capture` (
  `id` int(11) NOT NULL,
  `soldier_id` int(11) DEFAULT NULL,
  `pillar_id` int(11) DEFAULT NULL,
  `time_captured` varchar(110) DEFAULT NULL,
  `situation` varchar(110) DEFAULT NULL,
  `image_url` time DEFAULT NULL,
  PRIMARY KEY (`id`)
) ENGINE=InnoDB DEFAULT CHARSET=utf8;
/*!40101 SET character_set_client = @saved_cs_client */;

--
-- Dumping data for table `capture`
--

LOCK TABLES `capture` WRITE;
/*!40000 ALTER TABLE `capture` DISABLE KEYS */;
INSERT INTO `capture` VALUES (1,1,1,'2017-01-01-12-48','GOOD',NULL),(2,1,1,'2017-04-01-12-48','POOR',NULL),(3,2,3,'2017-06-01-02-48','MODERATE',NULL),(4,1,2,'2017-11-01-10-48','GOOD',NULL),(5,3,1,'2017-01-21-02-48','GOOD',NULL),(6,1,3,'2017-01-22-12-48','MODERATE',NULL),(7,4,3,'2017-01-22-13-48','POOR',NULL),(8,1,1,'2017-02-02-12-48','MODERATE',NULL),(9,2,3,'2017-02-02-20-48','GOOD',NULL),(10,1,6,'2017-03-02-11-48','MODERATE',NULL);
/*!40000 ALTER TABLE `capture` ENABLE KEYS */;
UNLOCK TABLES;

--
-- Table structure for table `pillar`
--

DROP TABLE IF EXISTS `pillar`;
/*!40101 SET @saved_cs_client     = @@character_set_client */;
/*!40101 SET character_set_client = utf8 */;
CREATE TABLE `pillar` (
  `id` int(11) NOT NULL,
  `name` varchar(110) DEFAULT NULL,
  `number` int(11) DEFAULT NULL,
  `longitude` varchar(110) DEFAULT NULL,
  `latitude` varchar(110) DEFAULT NULL,
  `situation` varchar(110) DEFAULT NULL,
  PRIMARY KEY (`id`)
) ENGINE=InnoDB DEFAULT CHARSET=utf8;
/*!40101 SET character_set_client = @saved_cs_client */;

--
-- Dumping data for table `pillar`
--

LOCK TABLES `pillar` WRITE;
/*!40000 ALTER TABLE `pillar` DISABLE KEYS */;
INSERT INTO `pillar` VALUES (1,'South Pillar-1',1,'91.088881','24.0100101','null'),(2,'South Pillar-2',2,'0.0','0.0','Average'),(3,'North Pillar',3,'91.83440681578945','24.911800626928216','Average'),(4,'West Pillar-1',4,'1875234.2244','23234541.31244','Flooded'),(5,'West Pillar-1',5,'121434.4441','237941.3134','Broken'),(6,'East Pillar',6,'1253441.42434','23471.34134','Missing'),(8,'as',2,'11','1111',NULL),(10,'null',NULL,'null','null','null'),(11,'null',NULL,'null','null','null'),(13,'ids-01',0,'24.914038','91.952716','good'),(14,'null',NULL,'null','null','null'),(15,'null',NULL,'null','null','null'),(16,'null',NULL,'null','null','null'),(17,'ids-01',0,'24.913975','91.953658','good'),(18,'null',NULL,'null','null','null'),(19,'null',NULL,'null','null','null'),(20,'null',NULL,'null','null','null'),(21,'null',NULL,'null','null','null'),(22,'null',NULL,'null','null','null'),(23,'null',NULL,'null','null','null'),(24,'null',NULL,'null','null','null'),(25,'null',NULL,'null','null','null'),(26,'null',NULL,'null','null','null'),(27,'null',NULL,'null','null','null'),(28,'null',NULL,'null','null','null'),(29,'null',NULL,'null','null','null'),(30,'null',NULL,'null','null','null'),(31,'null',NULL,'null','null','null'),(32,'null',NULL,'91.088881','24.0100101','null'),(33,'null',NULL,'0.0','0.0','Average'),(34,'null',NULL,'0.0','0.0','Good'),(35,'null',NULL,'0.0','0.0','Good'),(36,'A244',1,'null','null',NULL),(37,'test-1',1,'91.95366040405189','24.912778972616287','Good');
/*!40000 ALTER TABLE `pillar` ENABLE KEYS */;
UNLOCK TABLES;

--
-- Table structure for table `pillar_updated_by`
--

DROP TABLE IF EXISTS `pillar_updated_by`;
/*!40101 SET @saved_cs_client     = @@character_set_client */;
/*!40101 SET character_set_client = utf8 */;
CREATE TABLE `pillar_updated_by` (
  `soldier_id` int(11) DEFAULT NULL,
  `img_url` varchar(1010) DEFAULT NULL
) ENGINE=InnoDB DEFAULT CHARSET=utf8;
/*!40101 SET character_set_client = @saved_cs_client */;

--
-- Dumping data for table `pillar_updated_by`
--

LOCK TABLES `pillar_updated_by` WRITE;
/*!40000 ALTER TABLE `pillar_updated_by` DISABLE KEYS */;
INSERT INTO `pillar_updated_by` VALUES (NULL,'37_2017_02_28_02_00_29_Bad_.jpg'),(NULL,'37_2017_02_28_02_02_48_Missing_.jpg'),(20,'37_2017_02_28_02_04_20_Missing_.jpg');
/*!40000 ALTER TABLE `pillar_updated_by` ENABLE KEYS */;
UNLOCK TABLES;

--
-- Table structure for table `soldier`
--

DROP TABLE IF EXISTS `soldier`;
/*!40101 SET @saved_cs_client     = @@character_set_client */;
/*!40101 SET character_set_client = utf8 */;
CREATE TABLE `soldier` (
  `id` int(11) NOT NULL,
  `name` varchar(110) DEFAULT NULL,
  `designation` varchar(110) DEFAULT NULL,
  `username` varchar(110) DEFAULT NULL,
  `password` varchar(110) DEFAULT NULL,
  PRIMARY KEY (`id`),
  UNIQUE KEY `username` (`username`)
) ENGINE=InnoDB DEFAULT CHARSET=utf8;
/*!40101 SET character_set_client = @saved_cs_client */;

--
-- Dumping data for table `soldier`
--

LOCK TABLES `soldier` WRITE;
/*!40000 ALTER TABLE `soldier` DISABLE KEYS */;
INSERT INTO `soldier` VALUES (1,'Ali','Soldier(BGB-2)','ali','qrwe'),(2,'Mohammad','Soldier(BGB-11)','md','reqrd'),(3,'Sohel','Soldier(BGB-3)','sohel','rqwerq'),(4,'Bibhash','Soldier(BGB-1)','bibhash','afsdfa'),(5,'Mirza','Soldier(BGB-2)','mirza','dafa'),(6,'Shahad','Soldier(BGB-1)','shahad','asdfasd'),(7,'Al- Amin','Captain','alamin','afsd'),(8,'ANN','afsd asdf','ann','das'),(9,'Jubayer','adg','jubayer','erwer'),(10,'asd','adg','a','ter'),(11,'asd','adg','b','wwetr'),(13,'werqw','qqq','c','wertwert'),(14,'werqw','qqq','d','wtert'),(15,'pp','ppp','e','wter'),(16,'Salam','Soldier','salam','tewr'),(17,'www','wer','asdf','wer'),(18,'alamin_sust','qqqq','qqq','H7R1feGI'),(19,'NEW','NRRR','asdfg','djA5'),(20,'soldier-1','soldier','soldier-1','OJnn');
/*!40000 ALTER TABLE `soldier` ENABLE KEYS */;
UNLOCK TABLES;

--
-- Table structure for table `soldier_location`
--

DROP TABLE IF EXISTS `soldier_location`;
/*!40101 SET @saved_cs_client     = @@character_set_client */;
/*!40101 SET character_set_client = utf8 */;
CREATE TABLE `soldier_location` (
  `id` int(11) DEFAULT NULL,
  `soldier_id` int(11) DEFAULT NULL,
  `longitude` varchar(110) DEFAULT NULL,
  `latitude` varchar(110) DEFAULT NULL,
  `datetime` timestamp NOT NULL DEFAULT CURRENT_TIMESTAMP ON UPDATE CURRENT_TIMESTAMP
) ENGINE=InnoDB DEFAULT CHARSET=utf8;
/*!40101 SET character_set_client = @saved_cs_client */;

--
-- Dumping data for table `soldier_location`
--

LOCK TABLES `soldier_location` WRITE;
/*!40000 ALTER TABLE `soldier_location` DISABLE KEYS */;
INSERT INTO `soldier_location` VALUES (0,0,'0','0','2017-02-25 09:50:24'),(1,9,'91.108881','24.919200','2017-02-25 10:31:00'),(2,5,'91.95351692252466','24.91271444795875','2017-02-25 13:16:59'),(3,9,'91.95353545215123','24.912703212646132','2017-02-25 13:02:11'),(4,7,'91.95352814229288','24.912735443882898','2017-02-25 15:22:00'),(5,4,'91.95360765848207','24.9127406901786','2017-02-25 13:16:59'),(6,3,'91.95355428644717','24.91273380539531','2017-02-25 13:26:59'),(7,7,'91.95359038395273','24.912725170798126','2017-02-25 14:21:00'),(8,1,'91.95362212586343','24.912689837689225','2017-02-25 16:06:59'),(9,1,'91.95360277341932','24.91271066192659','2017-02-25 13:02:59'),(10,9,'91.95359548544893','24.91271687379369','2017-02-25 13:05:41'),(11,5,'91.95356816774496','24.912689860898166','2017-02-25 13:06:59'),(12,9,'91.95361963974754','24.912679813850172','2017-02-25 13:06:41'),(13,9,'91.95357330575273','24.912684171849925','2017-02-25 13:07:11'),(14,2,'91.95357026575837','24.912670692187508','2017-02-25 15:31:00'),(15,2,'91.95357026575837','24.912670692187508','2017-02-25 15:33:00'),(16,4,'91.95333707727873','24.912607579424943','2017-02-25 15:21:00'),(17,2,'91.95333707727873','24.912607579424943','2017-02-25 15:21:00'),(18,4,'91.95336995503558','24.91263792241824','2017-02-25 15:31:00'),(19,9,'91.95347269252316','24.912693188012668','2017-02-25 13:12:13'),(20,9,'91.95368089337306','24.91279692393051','2017-02-25 13:12:42'),(21,9,'91.95364495229016','24.91275073162767','2017-02-25 13:13:12'),(22,9,'91.95363582141856','24.912823593407367','2017-02-25 13:13:42'),(23,9,'91.95356007019511','24.91275414202106','2017-02-25 13:14:12'),(24,9,'91.95352061629336','24.912749962984954','2017-02-25 13:14:42'),(25,9,'91.95360456257183','24.912737056217466','2017-02-25 13:29:20'),(26,9,'91.953401437583','24.91286554462779','2017-02-26 15:28:58'),(27,9,'91.9535075313949','24.912794560116705','2017-02-26 15:29:28'),(28,9,'91.95351942010774','24.912780228605094','2017-02-26 15:29:58'),(29,9,'91.95351942010774','24.912780228605094','2017-02-26 15:30:28'),(30,9,'91.95356144875778','24.912727836604585','2017-02-26 15:30:58'),(31,9,'91.95356144875788','24.91272783660444','2017-02-26 15:31:28'),(32,9,'91.95356144875788','24.91272783660444','2017-02-26 15:31:59'),(33,9,'91.95363269029313','24.912620487417705','2017-02-26 15:32:29'),(34,9,'91.95366591848061','24.912533363288464','2017-02-26 15:32:59'),(35,9,'91.95373000479901','24.912426034488874','2017-02-26 15:33:29'),(36,9,'91.95372774831317','24.91241420291324','2017-02-26 15:33:59'),(37,9,'91.95372774831317','24.91241420291324','2017-02-26 15:34:29'),(38,9,'91.95363759259753','24.912707567325366','2017-02-26 15:35:00'),(39,9,'91.95359815984415','24.91275528421229','2017-02-26 15:35:29'),(40,9,'91.95359815984415','24.91275528421229','2017-02-26 15:35:59'),(41,9,'91.95367533251238','24.912755948726222','2017-02-26 15:36:29'),(42,9,'91.9536041','24.9127316','2017-02-27 10:38:05'),(43,9,'91.9536041','24.9127316','2017-02-27 10:38:35'),(44,9,'91.9536041','24.9127316','2017-02-27 10:39:15'),(45,9,'91.9536041','24.9127316','2017-02-27 10:39:46'),(46,9,'91.9536041','24.9127316','2017-02-27 10:40:15'),(47,9,'91.9536041','24.9127316','2017-02-27 10:40:47'),(48,9,'91.9536041','24.9127316','2017-02-27 10:41:18'),(49,9,'91.9536041','24.9127316','2017-02-27 10:41:46'),(50,9,'91.9536041','24.9127316','2017-02-27 10:42:17'),(51,9,'91.9536041','24.9127316','2017-02-27 10:42:50'),(52,9,'91.9536041','24.9127316','2017-02-27 10:43:18'),(53,9,'91.9536041','24.9127316','2017-02-27 10:44:04'),(54,9,'91.9536041','24.9127316','2017-02-27 10:44:04'),(55,9,'91.9536041','24.9127316','2017-02-27 10:44:24'),(56,9,'91.9536041','24.9127316','2017-02-27 10:44:55'),(57,9,'91.9536041','24.9127316','2017-02-27 10:45:26'),(58,9,'91.9536041','24.9127316','2017-02-27 10:45:54'),(59,9,'91.9536041','24.9127316','2017-02-27 10:46:26'),(60,9,'91.9536041','24.9127316','2017-02-27 10:46:54'),(61,9,'91.9536041','24.9127316','2017-02-27 10:52:12'),(62,9,'91.9536041','24.9127316','2017-02-27 10:52:43'),(63,9,'91.9536041','24.9127316','2017-02-27 10:53:12'),(64,9,'91.9536041','24.9127316','2017-02-27 10:53:42'),(65,9,'91.9536041','24.9127316','2017-02-27 10:54:12'),(66,9,'91.9536041','24.9127316','2017-02-27 10:54:42'),(67,9,'91.9536041','24.9127316','2017-02-27 10:55:14'),(68,9,'91.9536041','24.9127316','2017-02-27 10:55:44'),(69,9,'91.9536041','24.9127316','2017-02-27 10:56:15'),(70,9,'91.9536041','24.9127316','2017-02-27 10:56:43'),(71,9,'91.9536041','24.9127316','2017-02-27 10:57:13'),(72,9,'91.9536041','24.9127316','2017-02-27 10:57:43'),(73,9,'91.9536041','24.9127316','2017-02-27 10:58:15'),(74,9,'91.9536041','24.9127316','2017-02-27 10:58:43'),(75,9,'91.9536041','24.9127316','2017-02-27 10:59:14'),(76,9,'91.9536041','24.9127316','2017-02-27 10:59:48'),(77,9,'91.9536041','24.9127316','2017-02-27 11:00:14'),(78,9,'91.9536041','24.9127316','2017-02-27 11:00:44'),(79,9,'91.9536041','24.9127316','2017-02-27 11:01:14'),(80,9,'91.9536041','24.9127316','2017-02-27 11:01:44'),(81,9,'91.9536041','24.9127316','2017-02-27 11:02:14'),(82,9,'91.9536041','24.9127316','2017-02-27 11:02:44'),(83,9,'91.927466','24.911442','2017-02-27 11:03:02'),(84,9,'91.9536041','24.9127316','2017-02-27 11:03:15'),(85,9,'91.9536041','24.9127316','2017-02-27 11:03:45'),(86,9,'91.9536041','24.9127316','2017-02-27 11:04:15'),(87,9,'91.9536041','24.9127316','2017-02-27 11:04:45'),(88,9,'91.9536041','24.9127316','2017-02-27 11:05:17'),(89,9,'91.9536041','24.9127316','2017-02-27 11:05:46'),(90,9,'91.9536041','24.9127316','2017-02-27 11:06:16'),(91,9,'91.9536041','24.9127316','2017-02-27 11:06:46'),(92,9,'91.9536041','24.9127316','2017-02-27 11:07:17'),(93,9,'91.9536041','24.9127316','2017-02-27 11:07:47'),(94,9,'91.9536041','24.9127316','2017-02-27 11:08:17'),(95,9,'91.9536041','24.9127316','2017-02-27 11:08:47'),(96,9,'91.9536041','24.9127316','2017-02-27 11:09:18'),(97,9,'91.9536041','24.9127316','2017-02-27 11:09:47'),(98,9,'91.9536041','24.9127316','2017-02-27 11:10:18'),(99,9,'91.9536041','24.9127316','2017-02-27 11:10:49'),(100,9,'91.9536041','24.9127316','2017-02-27 11:11:19'),(101,9,'91.9536041','24.9127316','2017-02-27 11:11:49'),(102,9,'91.9536041','24.9127316','2017-02-27 11:12:19'),(103,9,'91.9536041','24.9127316','2017-02-27 11:12:49'),(104,9,'91.9536041','24.9127316','2017-02-27 11:13:19'),(105,9,'91.9536041','24.9127316','2017-02-27 11:13:49'),(106,9,'91.9536041','24.9127316','2017-02-27 11:14:21'),(107,9,'91.9536041','24.9127316','2017-02-27 11:14:51'),(108,9,'91.9536041','24.9127316','2017-02-27 11:15:22'),(109,9,'91.9536041','24.9127316','2017-02-27 11:15:51'),(110,9,'91.9536041','24.9127316','2017-02-27 11:16:22'),(111,9,'91.9536041','24.9127316','2017-02-27 11:16:51'),(112,9,'91.9536041','24.9127316','2017-02-27 11:17:22'),(113,9,'91.9536041','24.9127316','2017-02-27 11:17:51'),(114,9,'91.9536041','24.9127316','2017-02-27 11:18:22'),(115,9,'91.9536041','24.9127316','2017-02-27 11:18:52'),(116,9,'91.9536041','24.9127316','2017-02-27 11:19:21'),(117,9,'91.9536041','24.9127316','2017-02-27 11:19:51'),(118,9,'91.9536041','24.9127316','2017-02-27 11:20:21'),(119,9,'91.9536041','24.9127316','2017-02-27 11:20:52'),(120,9,'91.9536041','24.9127316','2017-02-27 11:21:21'),(121,9,'91.9536041','24.9127316','2017-02-27 11:21:51'),(122,NULL,'null','null','2017-02-27 11:22:10'),(123,9,'91.9536041','24.9127316','2017-02-27 11:22:22'),(124,9,'91.9536041','24.9127316','2017-02-27 11:22:52'),(125,9,'91.9536041','24.9127316','2017-02-27 11:23:42'),(126,9,'91.9536041','24.9127316','2017-02-27 11:24:14'),(127,9,'91.9536041','24.9127316','2017-02-27 11:24:41'),(128,9,'91.9536041','24.9127316','2017-02-27 11:25:11'),(129,9,'91.9536041','24.9127316','2017-02-27 11:25:42'),(130,9,'91.9536041','24.9127316','2017-02-27 11:26:22'),(131,9,'91.9536041','24.9127316','2017-02-27 11:26:50'),(132,9,'91.9536041','24.9127316','2017-02-27 11:29:41'),(133,9,'91.9536041','24.9127316','2017-02-27 11:29:50'),(134,9,'91.9536041','24.9127316','2017-02-27 11:31:09'),(135,9,'91.9536041','24.9127316','2017-02-27 11:31:39'),(136,9,'91.9536041','24.9127316','2017-02-27 11:32:10'),(137,NULL,'null','null','2017-02-27 11:32:23'),(138,9,'91.9536041','24.9127316','2017-02-27 11:32:44'),(139,NULL,'null','null','2017-02-27 11:32:45'),(140,9,'91.9536041','24.9127316','2017-02-27 11:33:10'),(141,9,'91.927466','24.911442','2017-02-27 11:33:33'),(142,NULL,'null','null','2017-02-27 11:33:54'),(143,NULL,'null','null','2017-02-27 11:34:02'),(144,NULL,'null','null','2017-02-27 11:34:24'),(145,NULL,'null','null','2017-02-27 11:34:54'),(146,NULL,'null','null','2017-02-27 11:35:24'),(147,NULL,'null','null','2017-02-27 11:35:55'),(148,9,'0.0','0.0','2017-02-27 11:43:44'),(149,9,'91.902535','24.898325','2017-02-27 11:51:07'),(150,NULL,'null','null','2017-02-27 11:51:20'),(151,9,'91.902535','24.898325','2017-02-27 11:51:36'),(152,9,'91.902535','24.898325','2017-02-27 11:52:07'),(153,9,'91.902535','24.898325','2017-02-27 11:52:37'),(154,9,'91.902535','24.898325','2017-02-27 11:53:07'),(155,9,'91.902535','24.898325','2017-02-27 11:53:39'),(156,9,'91.902535','24.898325','2017-02-27 11:54:07'),(157,9,'91.902535','24.898325','2017-02-27 11:54:39'),(158,9,'91.902535','24.898325','2017-02-27 11:55:10'),(159,9,'91.902535','24.898325','2017-02-27 11:55:38'),(160,9,'91.902535','24.898325','2017-02-27 11:56:11'),(161,9,'91.902535','24.898325','2017-02-27 11:56:40'),(162,9,'91.902535','24.898325','2017-02-27 11:57:09'),(163,9,'91.902535','24.898325','2017-02-27 11:57:39'),(164,9,'91.902535','24.898325','2017-02-27 11:58:09'),(165,9,'91.902535','24.898325','2017-02-27 11:58:41'),(166,9,'91.902535','24.898325','2017-02-27 11:59:13'),(167,9,'91.9536041','24.9127316','2017-02-27 11:59:30'),(168,9,'91.902535','24.898325','2017-02-27 11:59:40'),(169,9,'91.9536041','24.9127316','2017-02-27 12:00:00'),(170,9,'91.902535','24.898325','2017-02-27 12:00:10'),(171,9,'91.9536041','24.9127316','2017-02-27 12:00:29'),(172,9,'91.902535','24.898325','2017-02-27 12:00:39'),(173,9,'91.9536041','24.9127316','2017-02-27 12:00:59'),(174,9,'91.902535','24.898325','2017-02-27 12:01:11'),(175,9,'91.9536041','24.9127316','2017-02-27 12:01:29'),(176,9,'91.902535','24.898325','2017-02-27 12:01:40'),(177,9,'91.9536041','24.9127316','2017-02-27 12:02:03'),(178,9,'91.902535','24.898325','2017-02-27 12:02:12'),(179,9,'91.9536041','24.9127316','2017-02-27 12:02:33'),(180,9,'91.902535','24.898325','2017-02-27 12:02:40'),(181,9,'91.9536041','24.9127316','2017-02-27 12:02:59'),(182,9,'91.902535','24.898325','2017-02-27 12:03:10'),(183,9,'91.9536041','24.9127316','2017-02-27 12:03:40'),(184,9,'91.902535','24.898325','2017-02-27 12:03:41'),(185,9,'91.9536041','24.9127316','2017-02-27 12:03:59'),(186,9,'91.902535','24.898325','2017-02-27 12:04:13'),(187,9,'91.9536041','24.9127316','2017-02-27 12:04:30'),(188,9,'91.902535','24.898325','2017-02-27 12:04:41'),(189,9,'91.9536041','24.9127316','2017-02-27 12:05:00'),(190,9,'91.902535','24.898325','2017-02-27 12:05:10'),(191,9,'91.9536041','24.9127316','2017-02-27 12:05:32'),(192,9,'91.902535','24.898325','2017-02-27 12:05:42'),(193,9,'91.9536041','24.9127316','2017-02-27 12:06:00'),(194,9,'91.902535','24.898325','2017-02-27 12:06:11'),(195,9,'91.9536041','24.9127316','2017-02-27 12:06:31'),(196,9,'91.902535','24.898325','2017-02-27 12:06:41'),(197,9,'91.9536041','24.9127316','2017-02-27 12:07:01'),(198,9,'91.902535','24.898325','2017-02-27 12:07:11'),(199,9,'91.902535','24.898325','2017-02-27 12:08:01'),(200,9,'91.902535','24.898325','2017-02-27 12:08:11'),(201,9,'91.9536041','24.9127316','2017-02-27 12:08:30'),(202,9,'91.9536041','24.9127316','2017-02-27 12:08:31'),(203,9,'91.9536041','24.9127316','2017-02-27 12:08:31'),(204,9,'91.902535','24.898325','2017-02-27 12:08:47'),(205,9,'91.9536041','24.9127316','2017-02-27 12:09:07'),(206,9,'91.902535','24.898325','2017-02-27 12:09:12'),(207,9,'91.9536041','24.9127316','2017-02-27 12:09:33'),(208,9,'91.902535','24.898325','2017-02-27 12:09:42'),(209,9,'91.9536041','24.9127316','2017-02-27 12:10:01'),(210,9,'91.902535','24.898325','2017-02-27 12:10:13'),(211,9,'91.9536041','24.9127316','2017-02-27 12:10:31'),(212,9,'91.902535','24.898325','2017-02-27 12:10:42'),(213,9,'91.9536041','24.9127316','2017-02-27 12:11:01'),(214,9,'91.902535','24.898325','2017-02-27 12:11:12'),(215,NULL,'null','null','2017-02-27 12:11:19'),(216,9,'91.902535','24.898325','2017-02-27 12:11:42'),(217,NULL,'null','null','2017-02-27 12:11:49'),(218,9,'91.902535','24.898325','2017-02-27 12:12:12'),(219,9,'91.902535','24.898325','2017-02-27 12:12:42'),(220,NULL,'null','null','2017-02-27 12:12:49'),(221,9,'91.902535','24.898325','2017-02-27 12:13:13'),(222,NULL,'null','null','2017-02-27 12:13:21'),(223,9,'91.902535','24.898325','2017-02-27 12:13:42'),(224,NULL,'null','null','2017-02-27 12:13:51'),(225,9,'91.902535','24.898325','2017-02-27 12:14:12'),(226,9,'91.902535','24.898325','2017-02-27 12:14:45'),(227,9,'91.902535','24.898325','2017-02-27 12:15:14'),(228,9,'91.902535','24.898325','2017-02-27 12:15:43'),(229,9,'91.902535','24.898325','2017-02-27 12:16:13'),(230,9,'91.902535','24.898325','2017-02-27 12:16:44'),(231,9,'91.902535','24.898325','2017-02-27 12:17:14'),(232,9,'91.902535','24.898325','2017-02-27 12:17:43'),(233,9,'91.902535','24.898325','2017-02-27 12:18:15'),(234,9,'91.902535','24.898325','2017-02-27 12:18:44'),(235,9,'91.902535','24.898325','2017-02-27 12:19:14'),(236,9,'91.902535','24.898325','2017-02-27 12:19:44'),(237,9,'91.902535','24.898325','2017-02-27 12:20:16'),(238,9,'91.902535','24.898325','2017-02-27 12:20:44'),(239,9,'91.902535','24.898325','2017-02-27 12:21:14'),(240,9,'91.902535','24.898325','2017-02-27 12:21:45'),(241,9,'91.9536041','24.9127316','2017-02-27 12:21:54'),(242,9,'91.902535','24.898325','2017-02-27 12:22:14'),(243,9,'91.902535','24.898325','2017-02-27 12:22:45'),(244,9,'91.902535','24.898325','2017-02-27 12:23:15'),(245,9,'91.902535','24.898325','2017-02-27 12:23:46'),(246,9,'91.902535','24.898325','2017-02-27 12:24:16'),(247,9,'91.902535','24.898325','2017-02-27 12:52:52'),(248,9,'91.902535','24.898325','2017-02-27 12:53:21'),(249,9,'91.87866935517116','24.90656609234899','2017-02-27 12:53:30'),(250,9,'91.902535','24.898325','2017-02-27 12:53:52'),(251,9,'91.87866935517116','24.90656609234899','2017-02-27 12:54:00'),(252,9,'91.902535','24.898325','2017-02-27 12:54:22'),(253,9,'91.87866935517116','24.90656609234899','2017-02-27 12:54:30'),(254,9,'91.902535','24.898325','2017-02-27 12:54:52'),(255,9,'91.87866935517116','24.90656609234899','2017-02-27 12:55:01'),(256,9,'91.902535','24.898325','2017-02-27 12:55:22'),(257,9,'91.87866935517116','24.90656609234899','2017-02-27 12:55:32'),(258,9,'91.902535','24.898325','2017-02-27 12:55:52'),(259,9,'91.87866935517116','24.90656609234899','2017-02-27 12:56:03'),(260,9,'91.902535','24.898325','2017-02-27 12:56:23'),(261,9,'91.87866935517116','24.90656609234899','2017-02-27 12:56:32'),(262,9,'91.902535','24.898325','2017-02-27 12:56:53'),(263,9,'91.87866935517116','24.90656609234899','2017-02-27 12:57:04'),(264,9,'91.902535','24.898325','2017-02-27 12:57:24'),(265,9,'91.87866935517116','24.90656609234899','2017-02-27 12:57:31'),(266,9,'91.902535','24.898325','2017-02-27 12:57:53'),(267,9,'91.87866935517116','24.90656609234899','2017-02-27 12:58:02'),(268,9,'91.902535','24.898325','2017-02-27 12:58:23'),(269,9,'91.87866935517116','24.90656609234899','2017-02-27 12:58:33'),(270,9,'91.902535','24.898325','2017-02-27 12:58:54'),(271,9,'91.87866935517116','24.90656609234899','2017-02-27 12:59:03'),(272,9,'91.902535','24.898325','2017-02-27 12:59:25'),(273,9,'91.87866935517116','24.90656609234899','2017-02-27 12:59:36'),(274,9,'91.902535','24.898325','2017-02-27 12:59:54'),(275,9,'91.87866935517116','24.90656609234899','2017-02-27 13:00:03'),(276,9,'91.902535','24.898325','2017-02-27 13:00:24'),(277,9,'91.87866935517116','24.90656609234899','2017-02-27 13:00:32'),(278,9,'91.902535','24.898325','2017-02-27 13:00:55'),(279,9,'91.87866935517116','24.90656609234899','2017-02-27 13:01:03'),(280,9,'91.902535','24.898325','2017-02-27 13:01:27'),(281,9,'91.87866935517116','24.90656609234899','2017-02-27 13:01:34'),(282,9,'91.902535','24.898325','2017-02-27 13:01:55'),(283,9,'91.87866935517116','24.90656609234899','2017-02-27 13:02:03'),(284,9,'91.902535','24.898325','2017-02-27 13:02:25'),(285,9,'91.87866935517116','24.90656609234899','2017-02-27 13:02:34'),(286,9,'91.902535','24.898325','2017-02-27 13:02:57'),(287,9,'91.87866935517116','24.90656609234899','2017-02-27 13:03:06'),(288,9,'91.902535','24.898325','2017-02-27 13:03:24'),(289,9,'91.87866935517116','24.90656609234899','2017-02-27 13:03:33'),(290,9,'91.902535','24.898325','2017-02-27 13:03:55'),(291,9,'91.87866935517116','24.90656609234899','2017-02-27 13:04:03'),(292,9,'91.902535','24.898325','2017-02-27 13:04:25'),(293,9,'91.87866935517116','24.90656609234899','2017-02-27 13:04:34'),(294,9,'91.902535','24.898325','2017-02-27 13:04:55'),(295,9,'91.87866935517116','24.90656609234899','2017-02-27 13:05:04'),(296,9,'91.902535','24.898325','2017-02-27 13:05:25'),(297,9,'91.87866935517116','24.90656609234899','2017-02-27 13:05:34'),(298,9,'91.902535','24.898325','2017-02-27 13:05:54'),(299,9,'91.87866935517116','24.90656609234899','2017-02-27 13:06:04'),(300,9,'91.87866935517116','24.90656609234899','2017-02-27 13:06:33'),(301,9,'91.87866935517116','24.90656609234899','2017-02-27 13:07:25'),(302,9,'91.87866935517116','24.90656609234899','2017-02-27 13:07:34'),(303,9,'91.87866935517116','24.90656609234899','2017-02-27 13:08:05'),(304,9,'91.87866935517116','24.90656609234899','2017-02-27 13:08:34'),(305,9,'91.87866935517116','24.90656609234899','2017-02-27 13:09:09'),(306,9,'91.83455919862239','24.91190133387424','2017-02-27 13:09:34'),(307,9,'91.83463687831446','24.911618885268567','2017-02-27 13:10:05'),(308,9,'91.83463687831446','24.911618885268567','2017-02-27 13:10:35'),(309,9,'91.83463687831446','24.911618885268567','2017-02-27 13:11:16'),(310,9,'91.83463687831446','24.911618885268567','2017-02-27 13:11:34'),(311,9,'91.83463687831446','24.911618885268567','2017-02-27 13:12:06'),(312,9,'91.83463687831446','24.911618885268567','2017-02-27 13:12:35'),(313,9,'91.83463687831446','24.911618885268567','2017-02-27 13:13:05'),(314,9,'91.83463687831446','24.911618885268567','2017-02-27 13:13:34'),(315,9,'91.83463687831446','24.911618885268567','2017-02-27 13:14:07'),(316,9,'91.83463687831446','24.911618885268567','2017-02-27 13:14:36'),(317,9,'91.83463687831446','24.911618885268567','2017-02-27 13:15:05'),(318,9,'91.83463687831446','24.911618885268567','2017-02-27 13:15:36'),(319,9,'91.83463687831446','24.911618885268567','2017-02-27 13:16:06'),(320,9,'91.83463687831446','24.911618885268567','2017-02-27 13:16:37'),(321,9,'91.83463687831446','24.911618885268567','2017-02-27 13:17:09'),(322,9,'91.83463687831446','24.911618885268567','2017-02-27 13:17:41'),(323,9,'91.83463687831446','24.911618885268567','2017-02-27 13:18:06'),(324,9,'91.83463687831446','24.911618885268567','2017-02-27 13:18:38'),(325,9,'91.83463687831446','24.911618885268567','2017-02-27 13:19:06'),(326,9,'91.83463687831446','24.911618885268567','2017-02-27 13:19:53'),(327,9,'91.83463687831446','24.911618885268567','2017-02-27 13:20:08'),(328,9,'91.83463687831446','24.911618885268567','2017-02-27 13:20:39'),(329,9,'91.83463687831446','24.911618885268567','2017-02-27 13:21:11'),(330,9,'91.83463687831446','24.911618885268567','2017-02-27 13:21:41'),(331,9,'91.83463687831446','24.911618885268567','2017-02-27 13:22:17'),(332,9,'91.83463687831446','24.911618885268567','2017-02-27 13:22:44'),(333,9,'91.83440681578945','24.911800626928216','2017-02-27 13:22:51'),(334,9,'91.83440681578945','24.911800626928216','2017-02-27 13:23:22'),(335,9,'91.83440681578945','24.911800626928216','2017-02-27 13:23:51'),(336,9,'91.83440681578945','24.911800626928216','2017-02-27 13:24:22'),(337,9,'91.83440681578945','24.911800626928216','2017-02-27 13:25:21'),(338,9,'91.83440681578945','24.911800626928216','2017-02-27 13:25:22'),(339,9,'91.83440681578945','24.911800626928216','2017-02-27 13:26:14'),(340,9,'91.83440681578945','24.911800626928216','2017-02-27 13:26:22'),(341,9,'91.83440681578945','24.911800626928216','2017-02-27 13:26:52'),(342,9,'91.83440681578945','24.911800626928216','2017-02-27 13:27:22'),(343,9,'91.83440681578945','24.911800626928216','2017-02-27 13:27:55'),(344,9,'91.83440681578945','24.911800626928216','2017-02-27 13:28:23'),(345,9,'91.83440681578945','24.911800626928216','2017-02-27 13:28:52'),(346,9,'91.83440681578945','24.911800626928216','2017-02-27 13:29:24'),(347,9,'91.83440681578945','24.911800626928216','2017-02-27 13:30:22'),(348,9,'91.83440681578945','24.911800626928216','2017-02-27 13:30:23'),(349,9,'91.83440681578945','24.911800626928216','2017-02-27 13:30:56'),(350,9,'91.83440681578945','24.911800626928216','2017-02-27 13:31:30'),(351,9,'91.83440681578945','24.911800626928216','2017-02-27 13:32:24'),(352,9,'91.83440681578945','24.911800626928216','2017-02-27 13:32:27'),(353,9,'91.83440681578945','24.911800626928216','2017-02-27 13:32:53'),(354,9,'91.83440681578945','24.911800626928216','2017-02-27 13:33:23'),(355,9,'91.83440681578945','24.911800626928216','2017-02-27 13:34:44'),(356,9,'91.83440681578945','24.911800626928216','2017-02-27 13:34:46'),(357,9,'91.83440681578945','24.911800626928216','2017-02-27 13:34:54'),(358,9,'91.83440681578945','24.911800626928216','2017-02-27 13:35:28'),(359,9,'91.83440681578945','24.911800626928216','2017-02-27 13:36:49'),(360,9,'91.83440681578945','24.911800626928216','2017-02-27 13:36:49'),(361,9,'91.83440681578945','24.911800626928216','2017-02-27 13:36:54'),(362,9,'91.83440681578945','24.911800626928216','2017-02-27 13:37:26'),(363,9,'91.83440681578945','24.911800626928216','2017-02-27 13:37:56'),(364,9,'91.95362153856209','24.912897260611764','2017-02-27 16:54:18'),(365,9,'91.95362153856209','24.912897260611764','2017-02-27 16:54:48'),(366,9,'91.95362153856209','24.912897260611764','2017-02-27 16:55:20'),(367,9,'91.95362153856209','24.912897260611764','2017-02-27 16:55:49'),(368,9,'91.95362153856209','24.912897260611764','2017-02-27 16:56:20'),(369,9,'91.95362153856209','24.912897260611764','2017-02-27 16:56:49'),(370,9,'91.95362153856209','24.912897260611764','2017-02-27 16:57:19'),(371,9,'91.95362153856209','24.912897260611764','2017-02-27 16:57:54'),(372,9,'91.95362153856209','24.912897260611764','2017-02-27 16:59:45'),(373,9,'91.95362153856209','24.912897260611764','2017-02-27 17:00:52'),(374,9,'91.95362153856209','24.912897260611764','2017-02-27 17:01:22'),(375,9,'91.95362153856209','24.912897260611764','2017-02-27 17:01:39'),(376,9,'91.95362153856209','24.912897260611764','2017-02-27 17:40:37'),(377,9,'91.95362153856209','24.912897260611764','2017-02-27 17:41:09'),(378,9,'91.95362153856209','24.912897260611764','2017-02-27 17:41:39'),(379,9,'91.95362153856209','24.912897260611764','2017-02-27 17:42:09'),(380,9,'91.95362153856209','24.912897260611764','2017-02-27 17:42:39'),(381,9,'91.95362153856209','24.912897260611764','2017-02-27 17:43:10'),(382,9,'91.95362153856209','24.912897260611764','2017-02-27 17:43:40'),(383,9,'91.95362153856209','24.912897260611764','2017-02-27 17:44:11'),(384,9,'91.95362153856209','24.912897260611764','2017-02-27 17:44:44'),(385,9,'91.95362153856209','24.912897260611764','2017-02-27 17:51:14'),(386,9,'91.95362153856209','24.912897260611764','2017-02-27 17:51:49'),(387,9,'91.95362153856209','24.912897260611764','2017-02-27 17:52:17'),(388,9,'91.95362153856209','24.912897260611764','2017-02-27 17:52:47'),(389,9,'91.95362153856209','24.912897260611764','2017-02-27 17:53:19'),(390,9,'91.95362153856209','24.912897260611764','2017-02-27 17:53:46'),(391,9,'91.95362153856209','24.912897260611764','2017-02-27 17:54:17'),(392,9,'91.95362153856209','24.912897260611764','2017-02-27 17:54:48'),(393,9,'91.95362153856209','24.912897260611764','2017-02-27 17:55:17'),(394,9,'91.95362153856209','24.912897260611764','2017-02-27 17:55:47'),(395,9,'91.95362153856209','24.912897260611764','2017-02-27 17:56:19'),(396,9,'91.95362153856209','24.912897260611764','2017-02-27 17:56:48'),(397,9,'91.95362153856209','24.912897260611764','2017-02-27 17:57:18'),(398,9,'91.95362153856209','24.912897260611764','2017-02-27 17:57:49'),(399,9,'91.95362153856209','24.912897260611764','2017-02-27 17:58:19'),(400,9,'91.95362153856209','24.912897260611764','2017-02-27 17:58:48'),(401,9,'91.95362153856209','24.912897260611764','2017-02-27 17:59:21'),(402,9,'91.95362153856209','24.912897260611764','2017-02-27 17:59:49'),(403,9,'91.95362153856209','24.912897260611764','2017-02-27 18:00:20'),(404,9,'91.95362153856209','24.912897260611764','2017-02-27 18:00:50'),(405,9,'91.95362153856209','24.912897260611764','2017-02-27 18:01:24'),(406,9,'91.95362153856209','24.912897260611764','2017-02-27 18:01:50'),(407,9,'91.95362153856209','24.912897260611764','2017-02-27 18:02:20'),(408,9,'91.95362153856209','24.912897260611764','2017-02-27 18:02:50'),(409,9,'91.95362153856209','24.912897260611764','2017-02-27 18:03:22'),(410,9,'91.95362153856209','24.912897260611764','2017-02-27 18:03:52'),(411,9,'91.95362153856209','24.912897260611764','2017-02-27 18:04:21'),(412,9,'91.95362153856209','24.912897260611764','2017-02-27 18:04:51'),(413,9,'91.95362153856209','24.912897260611764','2017-02-27 18:05:21'),(414,9,'91.95362153856209','24.912897260611764','2017-02-27 18:05:51'),(415,9,'91.95362153856209','24.912897260611764','2017-02-27 18:06:24'),(416,9,'91.95362153856209','24.912897260611764','2017-02-27 18:06:52'),(417,9,'91.95362153856209','24.912897260611764','2017-02-27 18:07:21'),(418,9,'91.95362153856209','24.912897260611764','2017-02-27 18:07:51'),(419,9,'91.95362153856209','24.912897260611764','2017-02-27 18:08:22'),(420,9,'91.95362153856209','24.912897260611764','2017-02-27 18:08:53'),(421,9,'91.95362153856209','24.912897260611764','2017-02-27 18:09:22'),(422,9,'91.95362153856209','24.912897260611764','2017-02-27 18:09:53'),(423,9,'91.95362153856209','24.912897260611764','2017-02-27 18:10:24'),(424,9,'91.95362153856209','24.912897260611764','2017-02-27 18:10:53'),(425,9,'91.95362153856209','24.912897260611764','2017-02-27 18:11:23'),(426,9,'91.95362153856209','24.912897260611764','2017-02-27 18:11:53'),(427,9,'91.95362153856209','24.912897260611764','2017-02-27 18:12:24'),(428,9,'91.95362153856209','24.912897260611764','2017-02-27 18:12:54'),(429,9,'91.95362153856209','24.912897260611764','2017-02-27 18:13:26'),(430,9,'91.95362153856209','24.912897260611764','2017-02-27 18:13:56'),(431,9,'91.95362153856209','24.912897260611764','2017-02-27 18:14:24'),(432,9,'91.95362153856209','24.912897260611764','2017-02-27 18:14:54'),(433,9,'91.95362153856209','24.912897260611764','2017-02-27 18:15:24'),(434,9,'91.95362153856209','24.912897260611764','2017-02-27 18:15:55'),(435,9,'91.95362153856209','24.912897260611764','2017-02-27 18:16:26'),(436,9,'91.95362153856209','24.912897260611764','2017-02-27 18:16:55'),(437,9,'91.95362153856209','24.912897260611764','2017-02-27 18:17:26'),(438,9,'91.95362153856209','24.912897260611764','2017-02-27 18:17:56'),(439,9,'91.95362153856209','24.912897260611764','2017-02-27 18:18:29'),(440,9,'91.95362153856209','24.912897260611764','2017-02-27 18:18:56'),(441,9,'91.95362153856209','24.912897260611764','2017-02-27 18:19:26'),(442,9,'91.95362153856209','24.912897260611764','2017-02-27 18:19:57'),(443,9,'91.95362153856209','24.912897260611764','2017-02-27 18:20:27'),(444,9,'91.95362153856209','24.912897260611764','2017-02-27 18:20:56'),(445,9,'91.95362153856209','24.912897260611764','2017-02-27 18:21:28'),(446,9,'91.95362153856209','24.912897260611764','2017-02-27 18:21:57'),(447,9,'91.95362153856209','24.912897260611764','2017-02-27 18:22:28'),(448,9,'91.95362153856209','24.912897260611764','2017-02-27 18:22:47'),(449,9,'91.95362153856209','24.912897260611764','2017-02-27 18:23:18'),(450,9,'91.95362153856209','24.912897260611764','2017-02-27 18:23:50'),(451,9,'91.95362153856209','24.912897260611764','2017-02-27 18:24:19'),(452,9,'91.95362153856209','24.912897260611764','2017-02-27 18:24:48'),(453,9,'91.95362153856209','24.912897260611764','2017-02-27 18:25:19'),(454,9,'91.95362153856209','24.912897260611764','2017-02-27 18:25:49'),(455,9,'91.95362153856209','24.912897260611764','2017-02-27 18:26:21'),(456,9,'91.95362153856209','24.912897260611764','2017-02-27 18:26:48'),(457,9,'91.95362153856209','24.912897260611764','2017-02-27 18:27:19'),(458,9,'91.95362153856209','24.912897260611764','2017-02-27 18:27:49'),(459,9,'91.95362153856209','24.912897260611764','2017-02-27 18:28:19'),(460,9,'91.95362153856209','24.912897260611764','2017-02-27 18:28:50'),(461,9,'91.95362153856209','24.912897260611764','2017-02-27 18:29:19'),(462,9,'91.95362153856209','24.912897260611764','2017-02-27 18:29:49'),(463,9,'91.95362153856209','24.912897260611764','2017-02-27 18:30:23'),(464,9,'91.95362153856209','24.912897260611764','2017-02-27 18:30:52'),(465,9,'91.95362153856209','24.912897260611764','2017-02-27 18:31:24'),(466,9,'91.95362153856209','24.912897260611764','2017-02-27 18:31:53'),(467,9,'91.95362153856209','24.912897260611764','2017-02-27 18:32:23'),(468,9,'91.95362153856209','24.912897260611764','2017-02-27 18:32:53'),(469,9,'91.95362153856209','24.912897260611764','2017-02-27 18:33:17'),(470,9,'91.95362153856209','24.912897260611764','2017-02-27 18:33:49'),(471,9,'91.95362153856209','24.912897260611764','2017-02-27 18:34:18'),(472,9,'91.95362153856209','24.912897260611764','2017-02-27 18:34:48'),(473,9,'91.95362153856209','24.912897260611764','2017-02-27 18:35:19'),(474,9,'91.95362153856209','24.912897260611764','2017-02-27 18:35:48'),(475,9,'91.95362153856209','24.912897260611764','2017-02-27 18:36:19'),(476,9,'91.95362153856209','24.912897260611764','2017-02-27 18:36:43'),(477,9,'91.95362153856209','24.912897260611764','2017-02-27 18:37:13'),(478,9,'91.95362153856209','24.912897260611764','2017-02-27 18:37:43'),(479,9,'91.95362153856209','24.912897260611764','2017-02-27 18:38:43'),(480,9,'91.95362153856209','24.912897260611764','2017-02-27 18:45:17'),(481,9,'91.949634','24.916127','2017-02-27 19:09:35'),(482,9,'91.948738','24.916193','2017-02-27 19:10:34'),(483,9,'91.948409','24.915874','2017-02-27 19:11:08'),(484,9,'91.947941','24.915965','2017-02-27 19:11:54'),(485,9,'91.947442','24.915784','2017-02-27 19:12:24'),(486,9,'91.946597','24.915568','2017-02-27 19:14:42'),(487,5,'90.3633244','23.7601154','2017-02-27 20:25:28'),(488,5,'90.3632509','23.7601156','2017-02-27 20:49:45'),(489,5,'90.3633244','23.7601154','2017-02-27 20:50:16'),(490,5,'90.3633244','23.7600225','2017-02-27 20:50:47'),(491,5,'90.3633244','23.7600225','2017-02-27 20:51:17'),(492,5,'90.3633244','23.7600225','2017-02-27 20:51:47'),(493,5,'90.3633244','23.7600225','2017-02-27 20:52:17'),(494,5,'90.3633244','23.7600225','2017-02-27 20:52:47'),(495,5,'90.3633244','23.7600225','2017-02-27 20:53:17'),(496,5,'90.3633244','23.7600225','2017-02-27 20:53:47'),(497,5,'90.3633244','23.7600225','2017-02-27 20:54:17'),(498,5,'90.3633244','23.7600225','2017-02-27 20:54:47'),(499,5,'90.3633244','23.7600225','2017-02-27 20:55:17'),(500,5,'90.3633244','23.7600225','2017-02-27 20:55:47'),(501,5,'90.3633244','23.7600225','2017-02-27 21:51:10'),(502,5,'90.3633244','23.7600225','2017-02-27 21:51:40'),(503,5,'90.3633244','23.7600225','2017-02-27 21:53:11');
/*!40000 ALTER TABLE `soldier_location` ENABLE KEYS */;
UNLOCK TABLES;
/*!40103 SET TIME_ZONE=@OLD_TIME_ZONE */;

/*!40101 SET SQL_MODE=@OLD_SQL_MODE */;
/*!40014 SET FOREIGN_KEY_CHECKS=@OLD_FOREIGN_KEY_CHECKS */;
/*!40014 SET UNIQUE_CHECKS=@OLD_UNIQUE_CHECKS */;
/*!40101 SET CHARACTER_SET_CLIENT=@OLD_CHARACTER_SET_CLIENT */;
/*!40101 SET CHARACTER_SET_RESULTS=@OLD_CHARACTER_SET_RESULTS */;
/*!40101 SET COLLATION_CONNECTION=@OLD_COLLATION_CONNECTION */;
/*!40111 SET SQL_NOTES=@OLD_SQL_NOTES */;

-- Dump completed on 2017-02-28  4:23:38
