-- MySQL dump 10.13  Distrib 5.7.17, for Win64 (x86_64)
--
-- Host: localhost    Database: bgb
-- ------------------------------------------------------
-- Server version	5.7.16-log

/*!40101 SET @OLD_CHARACTER_SET_CLIENT=@@CHARACTER_SET_CLIENT */;
/*!40101 SET @OLD_CHARACTER_SET_RESULTS=@@CHARACTER_SET_RESULTS */;
/*!40101 SET @OLD_COLLATION_CONNECTION=@@COLLATION_CONNECTION */;
/*!40101 SET NAMES utf8 */;
/*!40103 SET @OLD_TIME_ZONE=@@TIME_ZONE */;
/*!40103 SET TIME_ZONE='+00:00' */;
/*!40014 SET @OLD_UNIQUE_CHECKS=@@UNIQUE_CHECKS, UNIQUE_CHECKS=0 */;
/*!40014 SET @OLD_FOREIGN_KEY_CHECKS=@@FOREIGN_KEY_CHECKS, FOREIGN_KEY_CHECKS=0 */;
/*!40101 SET @OLD_SQL_MODE=@@SQL_MODE, SQL_MODE='NO_AUTO_VALUE_ON_ZERO' */;
/*!40111 SET @OLD_SQL_NOTES=@@SQL_NOTES, SQL_NOTES=0 */;

--
-- Table structure for table `admin`
--

DROP TABLE IF EXISTS `admin`;
/*!40101 SET @saved_cs_client     = @@character_set_client */;
/*!40101 SET character_set_client = utf8 */;
CREATE TABLE `admin` (
  `username` varchar(110) DEFAULT NULL,
  `password` varchar(110) DEFAULT NULL,
  `id` int(11) NOT NULL,
  PRIMARY KEY (`id`)
) ENGINE=InnoDB DEFAULT CHARSET=utf8;
/*!40101 SET character_set_client = @saved_cs_client */;

--
-- Dumping data for table `admin`
--

LOCK TABLES `admin` WRITE;
/*!40000 ALTER TABLE `admin` DISABLE KEYS */;
INSERT INTO `admin` VALUES ('admin','bgb',1),('shahad','wewe',2);
/*!40000 ALTER TABLE `admin` ENABLE KEYS */;
UNLOCK TABLES;

--
-- Table structure for table `capture`
--

DROP TABLE IF EXISTS `capture`;
/*!40101 SET @saved_cs_client     = @@character_set_client */;
/*!40101 SET character_set_client = utf8 */;
CREATE TABLE `capture` (
  `id` int(11) NOT NULL,
  `soldier_id` int(11) DEFAULT NULL,
  `pillar_id` int(11) DEFAULT NULL,
  `time_captured` varchar(110) DEFAULT NULL,
  `situation` varchar(110) DEFAULT NULL,
  `image_url` time DEFAULT NULL,
  PRIMARY KEY (`id`)
) ENGINE=InnoDB DEFAULT CHARSET=utf8;
/*!40101 SET character_set_client = @saved_cs_client */;

--
-- Dumping data for table `capture`
--

LOCK TABLES `capture` WRITE;
/*!40000 ALTER TABLE `capture` DISABLE KEYS */;
INSERT INTO `capture` VALUES (1,1,1,'2017-01-01-12-48','GOOD',NULL),(2,1,1,'2017-04-01-12-48','POOR',NULL),(3,2,3,'2017-06-01-02-48','MODERATE',NULL),(4,1,2,'2017-11-01-10-48','GOOD',NULL),(5,3,1,'2017-01-21-02-48','GOOD',NULL),(6,1,3,'2017-01-22-12-48','MODERATE',NULL),(7,4,3,'2017-01-22-13-48','POOR',NULL),(8,1,1,'2017-02-02-12-48','MODERATE',NULL),(9,2,3,'2017-02-02-20-48','GOOD',NULL),(10,1,6,'2017-03-02-11-48','MODERATE',NULL);
/*!40000 ALTER TABLE `capture` ENABLE KEYS */;
UNLOCK TABLES;

--
-- Table structure for table `pillar`
--

DROP TABLE IF EXISTS `pillar`;
/*!40101 SET @saved_cs_client     = @@character_set_client */;
/*!40101 SET character_set_client = utf8 */;
CREATE TABLE `pillar` (
  `id` int(11) NOT NULL,
  `name` varchar(110) DEFAULT NULL,
  `number` int(11) DEFAULT NULL,
  `longitude` varchar(110) DEFAULT NULL,
  `latitude` varchar(110) DEFAULT NULL,
  `situation` varchar(110) DEFAULT NULL,
  PRIMARY KEY (`id`)
) ENGINE=InnoDB DEFAULT CHARSET=utf8;
/*!40101 SET character_set_client = @saved_cs_client */;

--
-- Dumping data for table `pillar`
--

LOCK TABLES `pillar` WRITE;
/*!40000 ALTER TABLE `pillar` DISABLE KEYS */;
INSERT INTO `pillar` VALUES (1,'South Pillar-1',1,'91.088881','24.0100101','null'),(2,'South Pillar-2',2,'0.0','0.0','Average'),(3,'North Pillar',3,'91.83440681578945','24.911800626928216','Average'),(4,'West Pillar-1',4,'1875234.2244','23234541.31244','Flooded'),(5,'West Pillar-1',5,'121434.4441','237941.3134','Broken'),(6,'East Pillar',6,'1253441.42434','23471.34134','Missing'),(8,'as',2,'11','1111',NULL),(10,'null',NULL,'null','null','null'),(11,'null',NULL,'null','null','null'),(13,'ids-01',0,'24.914038','91.952716','good'),(14,'null',NULL,'null','null','null'),(15,'null',NULL,'null','null','null'),(16,'null',NULL,'null','null','null'),(17,'ids-01',0,'24.913975','91.953658','good'),(18,'null',NULL,'null','null','null'),(19,'null',NULL,'null','null','null'),(20,'null',NULL,'null','null','null'),(21,'null',NULL,'null','null','null'),(22,'null',NULL,'null','null','null'),(23,'null',NULL,'null','null','null'),(24,'null',NULL,'null','null','null'),(25,'null',NULL,'null','null','null'),(26,'null',NULL,'null','null','null'),(27,'null',NULL,'null','null','null'),(28,'null',NULL,'null','null','null'),(29,'null',NULL,'null','null','null'),(30,'null',NULL,'null','null','null'),(31,'null',NULL,'null','null','null'),(32,'null',NULL,'91.088881','24.0100101','null'),(33,'null',NULL,'0.0','0.0','Average'),(34,'null',NULL,'0.0','0.0','Good'),(35,'null',NULL,'0.0','0.0','Good'),(36,'A244',1,'null','null',NULL),(37,'test-1',1,'91.95366040405189','24.912778972616287','Good'),(38,'MP-1262',1,'91.83945949189116','24.90983023789697','Good'),(39,'1262/1-T',1,'null','null',NULL),(40,'1262/1-s',1,'null','null',NULL),(41,'1262/2-T',1,'null','null',NULL),(42,'1262/2-s',1,'null','null',NULL),(43,'1262/3-T',1,'null','null',NULL),(44,'1262/3-s',1,'null','null',NULL),(45,'1262/4-s',1,'null','null',NULL),(46,'1262/5-s',1,'null','null',NULL),(47,'1262/6-s',1,'null','null',NULL),(48,'1262/4-T',1,'null','null',NULL),(49,'1262/7-s',1,'null','null',NULL),(50,'1262/5-T',1,'null','null',NULL),(51,'1262/8-s',1,'null','null',NULL),(52,'1262/9-s',1,'91.87968988','25.16903502','Good'),(53,'MP 1263',1,'91.8395273719744','24.909875242018785','Good'),(54,'MP 1266',1,'null','null',NULL),(55,'1266/1-s',1,'null','null',NULL),(56,'1266/2-s',1,'null','null',NULL),(57,'1266/1-T',1,'null','null',NULL),(58,'1266/3-s',1,'null','null',NULL),(59,'1266/4-s',1,'null','null',NULL),(60,'1266/5-s',1,'null','null',NULL),(61,'1266/6-s',1,'null','null',NULL),(62,'1266/2-T',1,'null','null',NULL),(63,'1266/7-s',1,'null','null',NULL),(64,'1266/8-s',1,'null','null',NULL),(65,'1266/9-s',1,'null','null',NULL),(66,'1266/3-T',1,'null','null',NULL),(67,'1266/10-s',1,'null','null',NULL),(68,'1266/11-s',1,'null','null',NULL),(69,'1266/12-s',1,'null','null',NULL),(70,'1266/13-s',1,'null','null',NULL),(71,'MP 1267',1,'null','null',NULL);
/*!40000 ALTER TABLE `pillar` ENABLE KEYS */;
UNLOCK TABLES;

--
-- Table structure for table `pillar_updated_by`
--

DROP TABLE IF EXISTS `pillar_updated_by`;
/*!40101 SET @saved_cs_client     = @@character_set_client */;
/*!40101 SET character_set_client = utf8 */;
CREATE TABLE `pillar_updated_by` (
  `soldier_id` int(11) DEFAULT NULL,
  `img_url` varchar(1010) DEFAULT NULL
) ENGINE=InnoDB DEFAULT CHARSET=utf8;
/*!40101 SET character_set_client = @saved_cs_client */;

--
-- Dumping data for table `pillar_updated_by`
--

LOCK TABLES `pillar_updated_by` WRITE;
/*!40000 ALTER TABLE `pillar_updated_by` DISABLE KEYS */;
INSERT INTO `pillar_updated_by` VALUES (NULL,'37_2017_02_28_02_00_29_Bad_.jpg'),(NULL,'37_2017_02_28_02_02_48_Missing_.jpg'),(20,'37_2017_02_28_02_04_20_Missing_.jpg'),(9,'37_2017_02_28_10_01_17_Good_.jpg'),(20,'38_2017_02_28_12_33_22_Good_.jpg'),(21,'53_2017_03_01_10_27_12_Good_.jpg'),(20,'53_2017_03_01_10_27_46_Good_.jpg'),(20,'52_2017_03_01_10_28_58_Good_.jpg'),(21,'52_2017_03_01_10_29_07_Good_.jpg'),(21,'52_2017_03_01_10_57_00_Good_.jpg'),(21,'53_2017_03_01_11_00_07_Good_.jpg');
/*!40000 ALTER TABLE `pillar_updated_by` ENABLE KEYS */;
UNLOCK TABLES;

--
-- Table structure for table `soldier`
--

DROP TABLE IF EXISTS `soldier`;
/*!40101 SET @saved_cs_client     = @@character_set_client */;
/*!40101 SET character_set_client = utf8 */;
CREATE TABLE `soldier` (
  `id` int(11) NOT NULL,
  `name` varchar(110) DEFAULT NULL,
  `designation` varchar(110) DEFAULT NULL,
  `username` varchar(110) DEFAULT NULL,
  `password` varchar(110) DEFAULT NULL,
  PRIMARY KEY (`id`),
  UNIQUE KEY `username` (`username`)
) ENGINE=InnoDB DEFAULT CHARSET=utf8;
/*!40101 SET character_set_client = @saved_cs_client */;

--
-- Dumping data for table `soldier`
--

LOCK TABLES `soldier` WRITE;
/*!40000 ALTER TABLE `soldier` DISABLE KEYS */;
INSERT INTO `soldier` VALUES (1,'Ali','Soldier(BGB-2)','ali','qrwe'),(2,'Mohammad','Soldier(BGB-11)','md','reqrd'),(3,'Sohel','Soldier(BGB-3)','sohel','rqwerq'),(4,'Bibhash','Soldier(BGB-1)','bibhash','afsdfa'),(5,'Mirza','Soldier(BGB-2)','mirza','dafa'),(6,'Shahad','Soldier(BGB-1)','shahad','asdfasd'),(7,'Al- Amin','Captain','alamin','afsd'),(8,'ANN','afsd asdf','ann','das'),(9,'Jubayer','adg','jubayer','erwer'),(10,'asd','adg','a','ter'),(11,'asd','adg','b','wwetr'),(13,'werqw','qqq','c','wertwert'),(14,'werqw','qqq','d','wtert'),(15,'pp','ppp','e','wter'),(16,'Salam','Soldier','salam','tewr'),(17,'www','wer','asdf','wer'),(18,'alamin_sust','qqqq','qqq','H7R1feGI'),(19,'NEW','NRRR','asdfg','djA5'),(20,'soldier-1','soldier','soldier-1','OJnn'),(21,'soldier-2','BGB-SYLHET','soldier-2','fwER'),(22,'soldier-3','BGB-SYLHET','soldier-3','e9tN'),(23,'soldier-4','BGB-SYLHET','soldier-4','c8ST'),(24,'soldier-5','BGB-SYLHET','soldier-5','Btji');
/*!40000 ALTER TABLE `soldier` ENABLE KEYS */;
UNLOCK TABLES;

--
-- Table structure for table `soldier_location`
--

DROP TABLE IF EXISTS `soldier_location`;
/*!40101 SET @saved_cs_client     = @@character_set_client */;
/*!40101 SET character_set_client = utf8 */;
CREATE TABLE `soldier_location` (
  `id` int(11) DEFAULT NULL,
  `soldier_id` int(11) DEFAULT NULL,
  `longitude` varchar(110) DEFAULT NULL,
  `latitude` varchar(110) DEFAULT NULL,
  `datetime` timestamp NOT NULL DEFAULT CURRENT_TIMESTAMP ON UPDATE CURRENT_TIMESTAMP
) ENGINE=InnoDB DEFAULT CHARSET=utf8;
/*!40101 SET character_set_client = @saved_cs_client */;

--
-- Dumping data for table `soldier_location`
--

LOCK TABLES `soldier_location` WRITE;
/*!40000 ALTER TABLE `soldier_location` DISABLE KEYS */;
INSERT INTO `soldier_location` VALUES (0,0,'0','0','2017-02-25 09:50:24'),(1,9,'91.108881','24.919200','2017-02-25 10:31:00'),(2,5,'91.95351692252466','24.91271444795875','2017-02-25 13:16:59'),(3,9,'91.95353545215123','24.912703212646132','2017-02-25 13:02:11'),(4,7,'91.95352814229288','24.912735443882898','2017-02-25 15:22:00'),(5,4,'91.95360765848207','24.9127406901786','2017-02-25 13:16:59'),(6,3,'91.95355428644717','24.91273380539531','2017-02-25 13:26:59'),(7,7,'91.95359038395273','24.912725170798126','2017-02-25 14:21:00'),(8,1,'91.95362212586343','24.912689837689225','2017-02-25 16:06:59'),(9,1,'91.95360277341932','24.91271066192659','2017-02-25 13:02:59'),(10,9,'91.95359548544893','24.91271687379369','2017-02-25 13:05:41'),(11,5,'91.95356816774496','24.912689860898166','2017-02-25 13:06:59'),(12,9,'91.95361963974754','24.912679813850172','2017-02-25 13:06:41'),(13,9,'91.95357330575273','24.912684171849925','2017-02-25 13:07:11'),(14,2,'91.95357026575837','24.912670692187508','2017-02-25 15:31:00'),(15,2,'91.95357026575837','24.912670692187508','2017-02-25 15:33:00'),(16,4,'91.95333707727873','24.912607579424943','2017-02-25 15:21:00'),(17,2,'91.95333707727873','24.912607579424943','2017-02-25 15:21:00'),(18,4,'91.95336995503558','24.91263792241824','2017-02-25 15:31:00'),(19,9,'91.95347269252316','24.912693188012668','2017-02-25 13:12:13'),(20,9,'91.95368089337306','24.91279692393051','2017-02-25 13:12:42'),(21,9,'91.95364495229016','24.91275073162767','2017-02-25 13:13:12'),(22,9,'91.95363582141856','24.912823593407367','2017-02-25 13:13:42'),(23,9,'91.95356007019511','24.91275414202106','2017-02-25 13:14:12'),(24,9,'91.95352061629336','24.912749962984954','2017-02-25 13:14:42'),(25,9,'91.95360456257183','24.912737056217466','2017-02-25 13:29:20'),(26,9,'91.953401437583','24.91286554462779','2017-02-26 15:28:58'),(27,9,'91.9535075313949','24.912794560116705','2017-02-26 15:29:28'),(28,9,'91.95351942010774','24.912780228605094','2017-02-26 15:29:58'),(29,9,'91.95351942010774','24.912780228605094','2017-02-26 15:30:28'),(30,9,'91.95356144875778','24.912727836604585','2017-02-26 15:30:58'),(31,9,'91.95356144875788','24.91272783660444','2017-02-26 15:31:28'),(32,9,'91.95356144875788','24.91272783660444','2017-02-26 15:31:59'),(33,9,'91.95363269029313','24.912620487417705','2017-02-26 15:32:29'),(34,9,'91.95366591848061','24.912533363288464','2017-02-26 15:32:59'),(35,9,'91.95373000479901','24.912426034488874','2017-02-26 15:33:29'),(36,9,'91.95372774831317','24.91241420291324','2017-02-26 15:33:59'),(37,9,'91.95372774831317','24.91241420291324','2017-02-26 15:34:29'),(38,9,'91.95363759259753','24.912707567325366','2017-02-26 15:35:00'),(39,9,'91.95359815984415','24.91275528421229','2017-02-26 15:35:29'),(40,9,'91.95359815984415','24.91275528421229','2017-02-26 15:35:59'),(41,9,'91.95367533251238','24.912755948726222','2017-02-26 15:36:29'),(42,9,'91.9536041','24.9127316','2017-02-27 10:38:05'),(43,9,'91.9536041','24.9127316','2017-02-27 10:38:35'),(44,9,'91.9536041','24.9127316','2017-02-27 10:39:15'),(45,9,'91.9536041','24.9127316','2017-02-27 10:39:46'),(46,9,'91.9536041','24.9127316','2017-02-27 10:40:15'),(47,9,'91.9536041','24.9127316','2017-02-27 10:40:47'),(48,9,'91.9536041','24.9127316','2017-02-27 10:41:18'),(49,9,'91.9536041','24.9127316','2017-02-27 10:41:46'),(50,9,'91.9536041','24.9127316','2017-02-27 10:42:17'),(51,9,'91.9536041','24.9127316','2017-02-27 10:42:50'),(52,9,'91.9536041','24.9127316','2017-02-27 10:43:18'),(53,9,'91.9536041','24.9127316','2017-02-27 10:44:04'),(54,9,'91.9536041','24.9127316','2017-02-27 10:44:04'),(55,9,'91.9536041','24.9127316','2017-02-27 10:44:24'),(56,9,'91.9536041','24.9127316','2017-02-27 10:44:55'),(57,9,'91.9536041','24.9127316','2017-02-27 10:45:26'),(58,9,'91.9536041','24.9127316','2017-02-27 10:45:54'),(59,9,'91.9536041','24.9127316','2017-02-27 10:46:26'),(60,9,'91.9536041','24.9127316','2017-02-27 10:46:54'),(61,9,'91.9536041','24.9127316','2017-02-27 10:52:12'),(62,9,'91.9536041','24.9127316','2017-02-27 10:52:43'),(63,9,'91.9536041','24.9127316','2017-02-27 10:53:12'),(64,9,'91.9536041','24.9127316','2017-02-27 10:53:42'),(65,9,'91.9536041','24.9127316','2017-02-27 10:54:12'),(66,9,'91.9536041','24.9127316','2017-02-27 10:54:42'),(67,9,'91.9536041','24.9127316','2017-02-27 10:55:14'),(68,9,'91.9536041','24.9127316','2017-02-27 10:55:44'),(69,9,'91.9536041','24.9127316','2017-02-27 10:56:15'),(70,9,'91.9536041','24.9127316','2017-02-27 10:56:43'),(71,9,'91.9536041','24.9127316','2017-02-27 10:57:13'),(72,9,'91.9536041','24.9127316','2017-02-27 10:57:43'),(73,9,'91.9536041','24.9127316','2017-02-27 10:58:15'),(74,9,'91.9536041','24.9127316','2017-02-27 10:58:43'),(75,9,'91.9536041','24.9127316','2017-02-27 10:59:14'),(76,9,'91.9536041','24.9127316','2017-02-27 10:59:48'),(77,9,'91.9536041','24.9127316','2017-02-27 11:00:14'),(78,9,'91.9536041','24.9127316','2017-02-27 11:00:44'),(79,9,'91.9536041','24.9127316','2017-02-27 11:01:14'),(80,9,'91.9536041','24.9127316','2017-02-27 11:01:44'),(81,9,'91.9536041','24.9127316','2017-02-27 11:02:14'),(82,9,'91.9536041','24.9127316','2017-02-27 11:02:44'),(83,9,'91.927466','24.911442','2017-02-27 11:03:02'),(84,9,'91.9536041','24.9127316','2017-02-27 11:03:15'),(85,9,'91.9536041','24.9127316','2017-02-27 11:03:45'),(86,9,'91.9536041','24.9127316','2017-02-27 11:04:15'),(87,9,'91.9536041','24.9127316','2017-02-27 11:04:45'),(88,9,'91.9536041','24.9127316','2017-02-27 11:05:17'),(89,9,'91.9536041','24.9127316','2017-02-27 11:05:46'),(90,9,'91.9536041','24.9127316','2017-02-27 11:06:16'),(91,9,'91.9536041','24.9127316','2017-02-27 11:06:46'),(92,9,'91.9536041','24.9127316','2017-02-27 11:07:17'),(93,9,'91.9536041','24.9127316','2017-02-27 11:07:47'),(94,9,'91.9536041','24.9127316','2017-02-27 11:08:17'),(95,9,'91.9536041','24.9127316','2017-02-27 11:08:47'),(96,9,'91.9536041','24.9127316','2017-02-27 11:09:18'),(97,9,'91.9536041','24.9127316','2017-02-27 11:09:47'),(98,9,'91.9536041','24.9127316','2017-02-27 11:10:18'),(99,9,'91.9536041','24.9127316','2017-02-27 11:10:49'),(100,9,'91.9536041','24.9127316','2017-02-27 11:11:19'),(101,9,'91.9536041','24.9127316','2017-02-27 11:11:49'),(102,9,'91.9536041','24.9127316','2017-02-27 11:12:19'),(103,9,'91.9536041','24.9127316','2017-02-27 11:12:49'),(104,9,'91.9536041','24.9127316','2017-02-27 11:13:19'),(105,9,'91.9536041','24.9127316','2017-02-27 11:13:49'),(106,9,'91.9536041','24.9127316','2017-02-27 11:14:21'),(107,9,'91.9536041','24.9127316','2017-02-27 11:14:51'),(108,9,'91.9536041','24.9127316','2017-02-27 11:15:22'),(109,9,'91.9536041','24.9127316','2017-02-27 11:15:51'),(110,9,'91.9536041','24.9127316','2017-02-27 11:16:22'),(111,9,'91.9536041','24.9127316','2017-02-27 11:16:51'),(112,9,'91.9536041','24.9127316','2017-02-27 11:17:22'),(113,9,'91.9536041','24.9127316','2017-02-27 11:17:51'),(114,9,'91.9536041','24.9127316','2017-02-27 11:18:22'),(115,9,'91.9536041','24.9127316','2017-02-27 11:18:52'),(116,9,'91.9536041','24.9127316','2017-02-27 11:19:21'),(117,9,'91.9536041','24.9127316','2017-02-27 11:19:51'),(118,9,'91.9536041','24.9127316','2017-02-27 11:20:21'),(119,9,'91.9536041','24.9127316','2017-02-27 11:20:52'),(120,9,'91.9536041','24.9127316','2017-02-27 11:21:21'),(121,9,'91.9536041','24.9127316','2017-02-27 11:21:51'),(122,NULL,'null','null','2017-02-27 11:22:10'),(123,9,'91.9536041','24.9127316','2017-02-27 11:22:22'),(124,9,'91.9536041','24.9127316','2017-02-27 11:22:52'),(125,9,'91.9536041','24.9127316','2017-02-27 11:23:42'),(126,9,'91.9536041','24.9127316','2017-02-27 11:24:14'),(127,9,'91.9536041','24.9127316','2017-02-27 11:24:41'),(128,9,'91.9536041','24.9127316','2017-02-27 11:25:11'),(129,9,'91.9536041','24.9127316','2017-02-27 11:25:42'),(130,9,'91.9536041','24.9127316','2017-02-27 11:26:22'),(131,9,'91.9536041','24.9127316','2017-02-27 11:26:50'),(132,9,'91.9536041','24.9127316','2017-02-27 11:29:41'),(133,9,'91.9536041','24.9127316','2017-02-27 11:29:50'),(134,9,'91.9536041','24.9127316','2017-02-27 11:31:09'),(135,9,'91.9536041','24.9127316','2017-02-27 11:31:39'),(136,9,'91.9536041','24.9127316','2017-02-27 11:32:10'),(137,NULL,'null','null','2017-02-27 11:32:23'),(138,9,'91.9536041','24.9127316','2017-02-27 11:32:44'),(139,NULL,'null','null','2017-02-27 11:32:45'),(140,9,'91.9536041','24.9127316','2017-02-27 11:33:10'),(141,9,'91.927466','24.911442','2017-02-27 11:33:33'),(142,NULL,'null','null','2017-02-27 11:33:54'),(143,NULL,'null','null','2017-02-27 11:34:02'),(144,NULL,'null','null','2017-02-27 11:34:24'),(145,NULL,'null','null','2017-02-27 11:34:54'),(146,NULL,'null','null','2017-02-27 11:35:24'),(147,NULL,'null','null','2017-02-27 11:35:55'),(148,9,'0.0','0.0','2017-02-27 11:43:44'),(149,9,'91.902535','24.898325','2017-02-27 11:51:07'),(150,NULL,'null','null','2017-02-27 11:51:20'),(151,9,'91.902535','24.898325','2017-02-27 11:51:36'),(152,9,'91.902535','24.898325','2017-02-27 11:52:07'),(153,9,'91.902535','24.898325','2017-02-27 11:52:37'),(154,9,'91.902535','24.898325','2017-02-27 11:53:07'),(155,9,'91.902535','24.898325','2017-02-27 11:53:39'),(156,9,'91.902535','24.898325','2017-02-27 11:54:07'),(157,9,'91.902535','24.898325','2017-02-27 11:54:39'),(158,9,'91.902535','24.898325','2017-02-27 11:55:10'),(159,9,'91.902535','24.898325','2017-02-27 11:55:38'),(160,9,'91.902535','24.898325','2017-02-27 11:56:11'),(161,9,'91.902535','24.898325','2017-02-27 11:56:40'),(162,9,'91.902535','24.898325','2017-02-27 11:57:09'),(163,9,'91.902535','24.898325','2017-02-27 11:57:39'),(164,9,'91.902535','24.898325','2017-02-27 11:58:09'),(165,9,'91.902535','24.898325','2017-02-27 11:58:41'),(166,9,'91.902535','24.898325','2017-02-27 11:59:13'),(167,9,'91.9536041','24.9127316','2017-02-27 11:59:30'),(168,9,'91.902535','24.898325','2017-02-27 11:59:40'),(169,9,'91.9536041','24.9127316','2017-02-27 12:00:00'),(170,9,'91.902535','24.898325','2017-02-27 12:00:10'),(171,9,'91.9536041','24.9127316','2017-02-27 12:00:29'),(172,9,'91.902535','24.898325','2017-02-27 12:00:39'),(173,9,'91.9536041','24.9127316','2017-02-27 12:00:59'),(174,9,'91.902535','24.898325','2017-02-27 12:01:11'),(175,9,'91.9536041','24.9127316','2017-02-27 12:01:29'),(176,9,'91.902535','24.898325','2017-02-27 12:01:40'),(177,9,'91.9536041','24.9127316','2017-02-27 12:02:03'),(178,9,'91.902535','24.898325','2017-02-27 12:02:12'),(179,9,'91.9536041','24.9127316','2017-02-27 12:02:33'),(180,9,'91.902535','24.898325','2017-02-27 12:02:40'),(181,9,'91.9536041','24.9127316','2017-02-27 12:02:59'),(182,9,'91.902535','24.898325','2017-02-27 12:03:10'),(183,9,'91.9536041','24.9127316','2017-02-27 12:03:40'),(184,9,'91.902535','24.898325','2017-02-27 12:03:41'),(185,9,'91.9536041','24.9127316','2017-02-27 12:03:59'),(186,9,'91.902535','24.898325','2017-02-27 12:04:13'),(187,9,'91.9536041','24.9127316','2017-02-27 12:04:30'),(188,9,'91.902535','24.898325','2017-02-27 12:04:41'),(189,9,'91.9536041','24.9127316','2017-02-27 12:05:00'),(190,9,'91.902535','24.898325','2017-02-27 12:05:10'),(191,9,'91.9536041','24.9127316','2017-02-27 12:05:32'),(192,9,'91.902535','24.898325','2017-02-27 12:05:42'),(193,9,'91.9536041','24.9127316','2017-02-27 12:06:00'),(194,9,'91.902535','24.898325','2017-02-27 12:06:11'),(195,9,'91.9536041','24.9127316','2017-02-27 12:06:31'),(196,9,'91.902535','24.898325','2017-02-27 12:06:41'),(197,9,'91.9536041','24.9127316','2017-02-27 12:07:01'),(198,9,'91.902535','24.898325','2017-02-27 12:07:11'),(199,9,'91.902535','24.898325','2017-02-27 12:08:01'),(200,9,'91.902535','24.898325','2017-02-27 12:08:11'),(201,9,'91.9536041','24.9127316','2017-02-27 12:08:30'),(202,9,'91.9536041','24.9127316','2017-02-27 12:08:31'),(203,9,'91.9536041','24.9127316','2017-02-27 12:08:31'),(204,9,'91.902535','24.898325','2017-02-27 12:08:47'),(205,9,'91.9536041','24.9127316','2017-02-27 12:09:07'),(206,9,'91.902535','24.898325','2017-02-27 12:09:12'),(207,9,'91.9536041','24.9127316','2017-02-27 12:09:33'),(208,9,'91.902535','24.898325','2017-02-27 12:09:42'),(209,9,'91.9536041','24.9127316','2017-02-27 12:10:01'),(210,9,'91.902535','24.898325','2017-02-27 12:10:13'),(211,9,'91.9536041','24.9127316','2017-02-27 12:10:31'),(212,9,'91.902535','24.898325','2017-02-27 12:10:42'),(213,9,'91.9536041','24.9127316','2017-02-27 12:11:01'),(214,9,'91.902535','24.898325','2017-02-27 12:11:12'),(215,NULL,'null','null','2017-02-27 12:11:19'),(216,9,'91.902535','24.898325','2017-02-27 12:11:42'),(217,NULL,'null','null','2017-02-27 12:11:49'),(218,9,'91.902535','24.898325','2017-02-27 12:12:12'),(219,9,'91.902535','24.898325','2017-02-27 12:12:42'),(220,NULL,'null','null','2017-02-27 12:12:49'),(221,9,'91.902535','24.898325','2017-02-27 12:13:13'),(222,NULL,'null','null','2017-02-27 12:13:21'),(223,9,'91.902535','24.898325','2017-02-27 12:13:42'),(224,NULL,'null','null','2017-02-27 12:13:51'),(225,9,'91.902535','24.898325','2017-02-27 12:14:12'),(226,9,'91.902535','24.898325','2017-02-27 12:14:45'),(227,9,'91.902535','24.898325','2017-02-27 12:15:14'),(228,9,'91.902535','24.898325','2017-02-27 12:15:43'),(229,9,'91.902535','24.898325','2017-02-27 12:16:13'),(230,9,'91.902535','24.898325','2017-02-27 12:16:44'),(231,9,'91.902535','24.898325','2017-02-27 12:17:14'),(232,9,'91.902535','24.898325','2017-02-27 12:17:43'),(233,9,'91.902535','24.898325','2017-02-27 12:18:15'),(234,9,'91.902535','24.898325','2017-02-27 12:18:44'),(235,9,'91.902535','24.898325','2017-02-27 12:19:14'),(236,9,'91.902535','24.898325','2017-02-27 12:19:44'),(237,9,'91.902535','24.898325','2017-02-27 12:20:16'),(238,9,'91.902535','24.898325','2017-02-27 12:20:44'),(239,9,'91.902535','24.898325','2017-02-27 12:21:14'),(240,9,'91.902535','24.898325','2017-02-27 12:21:45'),(241,9,'91.9536041','24.9127316','2017-02-27 12:21:54'),(242,9,'91.902535','24.898325','2017-02-27 12:22:14'),(243,9,'91.902535','24.898325','2017-02-27 12:22:45'),(244,9,'91.902535','24.898325','2017-02-27 12:23:15'),(245,9,'91.902535','24.898325','2017-02-27 12:23:46'),(246,9,'91.902535','24.898325','2017-02-27 12:24:16'),(247,9,'91.902535','24.898325','2017-02-27 12:52:52'),(248,9,'91.902535','24.898325','2017-02-27 12:53:21'),(249,9,'91.87866935517116','24.90656609234899','2017-02-27 12:53:30'),(250,9,'91.902535','24.898325','2017-02-27 12:53:52'),(251,9,'91.87866935517116','24.90656609234899','2017-02-27 12:54:00'),(252,9,'91.902535','24.898325','2017-02-27 12:54:22'),(253,9,'91.87866935517116','24.90656609234899','2017-02-27 12:54:30'),(254,9,'91.902535','24.898325','2017-02-27 12:54:52'),(255,9,'91.87866935517116','24.90656609234899','2017-02-27 12:55:01'),(256,9,'91.902535','24.898325','2017-02-27 12:55:22'),(257,9,'91.87866935517116','24.90656609234899','2017-02-27 12:55:32'),(258,9,'91.902535','24.898325','2017-02-27 12:55:52'),(259,9,'91.87866935517116','24.90656609234899','2017-02-27 12:56:03'),(260,9,'91.902535','24.898325','2017-02-27 12:56:23'),(261,9,'91.87866935517116','24.90656609234899','2017-02-27 12:56:32'),(262,9,'91.902535','24.898325','2017-02-27 12:56:53'),(263,9,'91.87866935517116','24.90656609234899','2017-02-27 12:57:04'),(264,9,'91.902535','24.898325','2017-02-27 12:57:24'),(265,9,'91.87866935517116','24.90656609234899','2017-02-27 12:57:31'),(266,9,'91.902535','24.898325','2017-02-27 12:57:53'),(267,9,'91.87866935517116','24.90656609234899','2017-02-27 12:58:02'),(268,9,'91.902535','24.898325','2017-02-27 12:58:23'),(269,9,'91.87866935517116','24.90656609234899','2017-02-27 12:58:33'),(270,9,'91.902535','24.898325','2017-02-27 12:58:54'),(271,9,'91.87866935517116','24.90656609234899','2017-02-27 12:59:03'),(272,9,'91.902535','24.898325','2017-02-27 12:59:25'),(273,9,'91.87866935517116','24.90656609234899','2017-02-27 12:59:36'),(274,9,'91.902535','24.898325','2017-02-27 12:59:54'),(275,9,'91.87866935517116','24.90656609234899','2017-02-27 13:00:03'),(276,9,'91.902535','24.898325','2017-02-27 13:00:24'),(277,9,'91.87866935517116','24.90656609234899','2017-02-27 13:00:32'),(278,9,'91.902535','24.898325','2017-02-27 13:00:55'),(279,9,'91.87866935517116','24.90656609234899','2017-02-27 13:01:03'),(280,9,'91.902535','24.898325','2017-02-27 13:01:27'),(281,9,'91.87866935517116','24.90656609234899','2017-02-27 13:01:34'),(282,9,'91.902535','24.898325','2017-02-27 13:01:55'),(283,9,'91.87866935517116','24.90656609234899','2017-02-27 13:02:03'),(284,9,'91.902535','24.898325','2017-02-27 13:02:25'),(285,9,'91.87866935517116','24.90656609234899','2017-02-27 13:02:34'),(286,9,'91.902535','24.898325','2017-02-27 13:02:57'),(287,9,'91.87866935517116','24.90656609234899','2017-02-27 13:03:06'),(288,9,'91.902535','24.898325','2017-02-27 13:03:24'),(289,9,'91.87866935517116','24.90656609234899','2017-02-27 13:03:33'),(290,9,'91.902535','24.898325','2017-02-27 13:03:55'),(291,9,'91.87866935517116','24.90656609234899','2017-02-27 13:04:03'),(292,9,'91.902535','24.898325','2017-02-27 13:04:25'),(293,9,'91.87866935517116','24.90656609234899','2017-02-27 13:04:34'),(294,9,'91.902535','24.898325','2017-02-27 13:04:55'),(295,9,'91.87866935517116','24.90656609234899','2017-02-27 13:05:04'),(296,9,'91.902535','24.898325','2017-02-27 13:05:25'),(297,9,'91.87866935517116','24.90656609234899','2017-02-27 13:05:34'),(298,9,'91.902535','24.898325','2017-02-27 13:05:54'),(299,9,'91.87866935517116','24.90656609234899','2017-02-27 13:06:04'),(300,9,'91.87866935517116','24.90656609234899','2017-02-27 13:06:33'),(301,9,'91.87866935517116','24.90656609234899','2017-02-27 13:07:25'),(302,9,'91.87866935517116','24.90656609234899','2017-02-27 13:07:34'),(303,9,'91.87866935517116','24.90656609234899','2017-02-27 13:08:05'),(304,9,'91.87866935517116','24.90656609234899','2017-02-27 13:08:34'),(305,9,'91.87866935517116','24.90656609234899','2017-02-27 13:09:09'),(306,9,'91.83455919862239','24.91190133387424','2017-02-27 13:09:34'),(307,9,'91.83463687831446','24.911618885268567','2017-02-27 13:10:05'),(308,9,'91.83463687831446','24.911618885268567','2017-02-27 13:10:35'),(309,9,'91.83463687831446','24.911618885268567','2017-02-27 13:11:16'),(310,9,'91.83463687831446','24.911618885268567','2017-02-27 13:11:34'),(311,9,'91.83463687831446','24.911618885268567','2017-02-27 13:12:06'),(312,9,'91.83463687831446','24.911618885268567','2017-02-27 13:12:35'),(313,9,'91.83463687831446','24.911618885268567','2017-02-27 13:13:05'),(314,9,'91.83463687831446','24.911618885268567','2017-02-27 13:13:34'),(315,9,'91.83463687831446','24.911618885268567','2017-02-27 13:14:07'),(316,9,'91.83463687831446','24.911618885268567','2017-02-27 13:14:36'),(317,9,'91.83463687831446','24.911618885268567','2017-02-27 13:15:05'),(318,9,'91.83463687831446','24.911618885268567','2017-02-27 13:15:36'),(319,9,'91.83463687831446','24.911618885268567','2017-02-27 13:16:06'),(320,9,'91.83463687831446','24.911618885268567','2017-02-27 13:16:37'),(321,9,'91.83463687831446','24.911618885268567','2017-02-27 13:17:09'),(322,9,'91.83463687831446','24.911618885268567','2017-02-27 13:17:41'),(323,9,'91.83463687831446','24.911618885268567','2017-02-27 13:18:06'),(324,9,'91.83463687831446','24.911618885268567','2017-02-27 13:18:38'),(325,9,'91.83463687831446','24.911618885268567','2017-02-27 13:19:06'),(326,9,'91.83463687831446','24.911618885268567','2017-02-27 13:19:53'),(327,9,'91.83463687831446','24.911618885268567','2017-02-27 13:20:08'),(328,9,'91.83463687831446','24.911618885268567','2017-02-27 13:20:39'),(329,9,'91.83463687831446','24.911618885268567','2017-02-27 13:21:11'),(330,9,'91.83463687831446','24.911618885268567','2017-02-27 13:21:41'),(331,9,'91.83463687831446','24.911618885268567','2017-02-27 13:22:17'),(332,9,'91.83463687831446','24.911618885268567','2017-02-27 13:22:44'),(333,9,'91.83440681578945','24.911800626928216','2017-02-27 13:22:51'),(334,9,'91.83440681578945','24.911800626928216','2017-02-27 13:23:22'),(335,9,'91.83440681578945','24.911800626928216','2017-02-27 13:23:51'),(336,9,'91.83440681578945','24.911800626928216','2017-02-27 13:24:22'),(337,9,'91.83440681578945','24.911800626928216','2017-02-27 13:25:21'),(338,9,'91.83440681578945','24.911800626928216','2017-02-27 13:25:22'),(339,9,'91.83440681578945','24.911800626928216','2017-02-27 13:26:14'),(340,9,'91.83440681578945','24.911800626928216','2017-02-27 13:26:22'),(341,9,'91.83440681578945','24.911800626928216','2017-02-27 13:26:52'),(342,9,'91.83440681578945','24.911800626928216','2017-02-27 13:27:22'),(343,9,'91.83440681578945','24.911800626928216','2017-02-27 13:27:55'),(344,9,'91.83440681578945','24.911800626928216','2017-02-27 13:28:23'),(345,9,'91.83440681578945','24.911800626928216','2017-02-27 13:28:52'),(346,9,'91.83440681578945','24.911800626928216','2017-02-27 13:29:24'),(347,9,'91.83440681578945','24.911800626928216','2017-02-27 13:30:22'),(348,9,'91.83440681578945','24.911800626928216','2017-02-27 13:30:23'),(349,9,'91.83440681578945','24.911800626928216','2017-02-27 13:30:56'),(350,9,'91.83440681578945','24.911800626928216','2017-02-27 13:31:30'),(351,9,'91.83440681578945','24.911800626928216','2017-02-27 13:32:24'),(352,9,'91.83440681578945','24.911800626928216','2017-02-27 13:32:27'),(353,9,'91.83440681578945','24.911800626928216','2017-02-27 13:32:53'),(354,9,'91.83440681578945','24.911800626928216','2017-02-27 13:33:23'),(355,9,'91.83440681578945','24.911800626928216','2017-02-27 13:34:44'),(356,9,'91.83440681578945','24.911800626928216','2017-02-27 13:34:46'),(357,9,'91.83440681578945','24.911800626928216','2017-02-27 13:34:54'),(358,9,'91.83440681578945','24.911800626928216','2017-02-27 13:35:28'),(359,9,'91.83440681578945','24.911800626928216','2017-02-27 13:36:49'),(360,9,'91.83440681578945','24.911800626928216','2017-02-27 13:36:49'),(361,9,'91.83440681578945','24.911800626928216','2017-02-27 13:36:54'),(362,9,'91.83440681578945','24.911800626928216','2017-02-27 13:37:26'),(363,9,'91.83440681578945','24.911800626928216','2017-02-27 13:37:56'),(364,9,'91.95362153856209','24.912897260611764','2017-02-27 16:54:18'),(365,9,'91.95362153856209','24.912897260611764','2017-02-27 16:54:48'),(366,9,'91.95362153856209','24.912897260611764','2017-02-27 16:55:20'),(367,9,'91.95362153856209','24.912897260611764','2017-02-27 16:55:49'),(368,9,'91.95362153856209','24.912897260611764','2017-02-27 16:56:20'),(369,9,'91.95362153856209','24.912897260611764','2017-02-27 16:56:49'),(370,9,'91.95362153856209','24.912897260611764','2017-02-27 16:57:19'),(371,9,'91.95362153856209','24.912897260611764','2017-02-27 16:57:54'),(372,9,'91.95362153856209','24.912897260611764','2017-02-27 16:59:45'),(373,9,'91.95362153856209','24.912897260611764','2017-02-27 17:00:52'),(374,9,'91.95362153856209','24.912897260611764','2017-02-27 17:01:22'),(375,9,'91.95362153856209','24.912897260611764','2017-02-27 17:01:39'),(376,9,'91.95362153856209','24.912897260611764','2017-02-27 17:40:37'),(377,9,'91.95362153856209','24.912897260611764','2017-02-27 17:41:09'),(378,9,'91.95362153856209','24.912897260611764','2017-02-27 17:41:39'),(379,9,'91.95362153856209','24.912897260611764','2017-02-27 17:42:09'),(380,9,'91.95362153856209','24.912897260611764','2017-02-27 17:42:39'),(381,9,'91.95362153856209','24.912897260611764','2017-02-27 17:43:10'),(382,9,'91.95362153856209','24.912897260611764','2017-02-27 17:43:40'),(383,9,'91.95362153856209','24.912897260611764','2017-02-27 17:44:11'),(384,9,'91.95362153856209','24.912897260611764','2017-02-27 17:44:44'),(385,9,'91.95362153856209','24.912897260611764','2017-02-27 17:51:14'),(386,9,'91.95362153856209','24.912897260611764','2017-02-27 17:51:49'),(387,9,'91.95362153856209','24.912897260611764','2017-02-27 17:52:17'),(388,9,'91.95362153856209','24.912897260611764','2017-02-27 17:52:47'),(389,9,'91.95362153856209','24.912897260611764','2017-02-27 17:53:19'),(390,9,'91.95362153856209','24.912897260611764','2017-02-27 17:53:46'),(391,9,'91.95362153856209','24.912897260611764','2017-02-27 17:54:17'),(392,9,'91.95362153856209','24.912897260611764','2017-02-27 17:54:48'),(393,9,'91.95362153856209','24.912897260611764','2017-02-27 17:55:17'),(394,9,'91.95362153856209','24.912897260611764','2017-02-27 17:55:47'),(395,9,'91.95362153856209','24.912897260611764','2017-02-27 17:56:19'),(396,9,'91.95362153856209','24.912897260611764','2017-02-27 17:56:48'),(397,9,'91.95362153856209','24.912897260611764','2017-02-27 17:57:18'),(398,9,'91.95362153856209','24.912897260611764','2017-02-27 17:57:49'),(399,9,'91.95362153856209','24.912897260611764','2017-02-27 17:58:19'),(400,9,'91.95362153856209','24.912897260611764','2017-02-27 17:58:48'),(401,9,'91.95362153856209','24.912897260611764','2017-02-27 17:59:21'),(402,9,'91.95362153856209','24.912897260611764','2017-02-27 17:59:49'),(403,9,'91.95362153856209','24.912897260611764','2017-02-27 18:00:20'),(404,9,'91.95362153856209','24.912897260611764','2017-02-27 18:00:50'),(405,9,'91.95362153856209','24.912897260611764','2017-02-27 18:01:24'),(406,9,'91.95362153856209','24.912897260611764','2017-02-27 18:01:50'),(407,9,'91.95362153856209','24.912897260611764','2017-02-27 18:02:20'),(408,9,'91.95362153856209','24.912897260611764','2017-02-27 18:02:50'),(409,9,'91.95362153856209','24.912897260611764','2017-02-27 18:03:22'),(410,9,'91.95362153856209','24.912897260611764','2017-02-27 18:03:52'),(411,9,'91.95362153856209','24.912897260611764','2017-02-27 18:04:21'),(412,9,'91.95362153856209','24.912897260611764','2017-02-27 18:04:51'),(413,9,'91.95362153856209','24.912897260611764','2017-02-27 18:05:21'),(414,9,'91.95362153856209','24.912897260611764','2017-02-27 18:05:51'),(415,9,'91.95362153856209','24.912897260611764','2017-02-27 18:06:24'),(416,9,'91.95362153856209','24.912897260611764','2017-02-27 18:06:52'),(417,9,'91.95362153856209','24.912897260611764','2017-02-27 18:07:21'),(418,9,'91.95362153856209','24.912897260611764','2017-02-27 18:07:51'),(419,9,'91.95362153856209','24.912897260611764','2017-02-27 18:08:22'),(420,9,'91.95362153856209','24.912897260611764','2017-02-27 18:08:53'),(421,9,'91.95362153856209','24.912897260611764','2017-02-27 18:09:22'),(422,9,'91.95362153856209','24.912897260611764','2017-02-27 18:09:53'),(423,9,'91.95362153856209','24.912897260611764','2017-02-27 18:10:24'),(424,9,'91.95362153856209','24.912897260611764','2017-02-27 18:10:53'),(425,9,'91.95362153856209','24.912897260611764','2017-02-27 18:11:23'),(426,9,'91.95362153856209','24.912897260611764','2017-02-27 18:11:53'),(427,9,'91.95362153856209','24.912897260611764','2017-02-27 18:12:24'),(428,9,'91.95362153856209','24.912897260611764','2017-02-27 18:12:54'),(429,9,'91.95362153856209','24.912897260611764','2017-02-27 18:13:26'),(430,9,'91.95362153856209','24.912897260611764','2017-02-27 18:13:56'),(431,9,'91.95362153856209','24.912897260611764','2017-02-27 18:14:24'),(432,9,'91.95362153856209','24.912897260611764','2017-02-27 18:14:54'),(433,9,'91.95362153856209','24.912897260611764','2017-02-27 18:15:24'),(434,9,'91.95362153856209','24.912897260611764','2017-02-27 18:15:55'),(435,9,'91.95362153856209','24.912897260611764','2017-02-27 18:16:26'),(436,9,'91.95362153856209','24.912897260611764','2017-02-27 18:16:55'),(437,9,'91.95362153856209','24.912897260611764','2017-02-27 18:17:26'),(438,9,'91.95362153856209','24.912897260611764','2017-02-27 18:17:56'),(439,9,'91.95362153856209','24.912897260611764','2017-02-27 18:18:29'),(440,9,'91.95362153856209','24.912897260611764','2017-02-27 18:18:56'),(441,9,'91.95362153856209','24.912897260611764','2017-02-27 18:19:26'),(442,9,'91.95362153856209','24.912897260611764','2017-02-27 18:19:57'),(443,9,'91.95362153856209','24.912897260611764','2017-02-27 18:20:27'),(444,9,'91.95362153856209','24.912897260611764','2017-02-27 18:20:56'),(445,9,'91.95362153856209','24.912897260611764','2017-02-27 18:21:28'),(446,9,'91.95362153856209','24.912897260611764','2017-02-27 18:21:57'),(447,9,'91.95362153856209','24.912897260611764','2017-02-27 18:22:28'),(448,9,'91.95362153856209','24.912897260611764','2017-02-27 18:22:47'),(449,9,'91.95362153856209','24.912897260611764','2017-02-27 18:23:18'),(450,9,'91.95362153856209','24.912897260611764','2017-02-27 18:23:50'),(451,9,'91.95362153856209','24.912897260611764','2017-02-27 18:24:19'),(452,9,'91.95362153856209','24.912897260611764','2017-02-27 18:24:48'),(453,9,'91.95362153856209','24.912897260611764','2017-02-27 18:25:19'),(454,9,'91.95362153856209','24.912897260611764','2017-02-27 18:25:49'),(455,9,'91.95362153856209','24.912897260611764','2017-02-27 18:26:21'),(456,9,'91.95362153856209','24.912897260611764','2017-02-27 18:26:48'),(457,9,'91.95362153856209','24.912897260611764','2017-02-27 18:27:19'),(458,9,'91.95362153856209','24.912897260611764','2017-02-27 18:27:49'),(459,9,'91.95362153856209','24.912897260611764','2017-02-27 18:28:19'),(460,9,'91.95362153856209','24.912897260611764','2017-02-27 18:28:50'),(461,9,'91.95362153856209','24.912897260611764','2017-02-27 18:29:19'),(462,9,'91.95362153856209','24.912897260611764','2017-02-27 18:29:49'),(463,9,'91.95362153856209','24.912897260611764','2017-02-27 18:30:23'),(464,9,'91.95362153856209','24.912897260611764','2017-02-27 18:30:52'),(465,9,'91.95362153856209','24.912897260611764','2017-02-27 18:31:24'),(466,9,'91.95362153856209','24.912897260611764','2017-02-27 18:31:53'),(467,9,'91.95362153856209','24.912897260611764','2017-02-27 18:32:23'),(468,9,'91.95362153856209','24.912897260611764','2017-02-27 18:32:53'),(469,9,'91.95362153856209','24.912897260611764','2017-02-27 18:33:17'),(470,9,'91.95362153856209','24.912897260611764','2017-02-27 18:33:49'),(471,9,'91.95362153856209','24.912897260611764','2017-02-27 18:34:18'),(472,9,'91.95362153856209','24.912897260611764','2017-02-27 18:34:48'),(473,9,'91.95362153856209','24.912897260611764','2017-02-27 18:35:19'),(474,9,'91.95362153856209','24.912897260611764','2017-02-27 18:35:48'),(475,9,'91.95362153856209','24.912897260611764','2017-02-27 18:36:19'),(476,9,'91.95362153856209','24.912897260611764','2017-02-27 18:36:43'),(477,9,'91.95362153856209','24.912897260611764','2017-02-27 18:37:13'),(478,9,'91.95362153856209','24.912897260611764','2017-02-27 18:37:43'),(479,9,'91.95362153856209','24.912897260611764','2017-02-27 18:38:43'),(480,9,'91.95362153856209','24.912897260611764','2017-02-27 18:45:17'),(481,9,'91.949634','24.916127','2017-02-27 19:09:35'),(482,9,'91.948738','24.916193','2017-02-27 19:10:34'),(483,9,'91.948409','24.915874','2017-02-27 19:11:08'),(484,9,'91.947941','24.915965','2017-02-27 19:11:54'),(485,9,'91.947442','24.915784','2017-02-27 19:12:24'),(486,9,'91.946597','24.915568','2017-02-27 19:14:42'),(487,5,'90.3633244','23.7601154','2017-02-27 20:25:28'),(488,5,'90.3632509','23.7601156','2017-02-27 20:49:45'),(489,5,'90.3633244','23.7601154','2017-02-27 20:50:16'),(490,5,'90.3633244','23.7600225','2017-02-27 20:50:47'),(491,5,'90.3633244','23.7600225','2017-02-27 20:51:17'),(492,5,'90.3633244','23.7600225','2017-02-27 20:51:47'),(493,5,'90.3633244','23.7600225','2017-02-27 20:52:17'),(494,5,'90.3633244','23.7600225','2017-02-27 20:52:47'),(495,5,'90.3633244','23.7600225','2017-02-27 20:53:17'),(496,5,'90.3633244','23.7600225','2017-02-27 20:53:47'),(497,5,'90.3633244','23.7600225','2017-02-27 20:54:17'),(498,5,'90.3633244','23.7600225','2017-02-27 20:54:47'),(499,5,'90.3633244','23.7600225','2017-02-27 20:55:17'),(500,5,'90.3633244','23.7600225','2017-02-27 20:55:47'),(501,5,'90.3633244','23.7600225','2017-02-27 21:51:10'),(502,5,'90.3633244','23.7600225','2017-02-27 21:51:40'),(503,5,'90.3633244','23.7600225','2017-02-27 21:53:11'),(504,9,'91.95343119426461','24.91271785877895','2017-02-28 03:19:21'),(505,9,'91.95343119426461','24.91271785877895','2017-02-28 03:19:25'),(506,9,'91.95343119426461','24.91271785877895','2017-02-28 03:19:30'),(507,9,'91.95343119426461','24.91271785877895','2017-02-28 03:19:35'),(508,9,'91.95343119426461','24.91271785877895','2017-02-28 03:19:40'),(509,9,'91.95343119426461','24.91271785877895','2017-02-28 03:28:25'),(510,9,'91.95343119426461','24.91271785877895','2017-02-28 03:28:29'),(511,9,'91.95343119426461','24.91271785877895','2017-02-28 03:28:34'),(512,9,'91.95403988300521','24.91310583005181','2017-02-28 03:28:39'),(513,9,'91.95375252838659','24.912788917120906','2017-02-28 03:28:44'),(514,9,'91.9536051880712','24.912897906090993','2017-02-28 03:28:50'),(515,9,'91.95369136786573','24.912998595650784','2017-02-28 03:28:54'),(516,9,'91.95372447369145','24.913012047378444','2017-02-28 03:28:59'),(517,9,'91.9537322620178','24.912998423022877','2017-02-28 03:29:04'),(518,9,'91.95368818336424','24.91291181977411','2017-02-28 03:29:09'),(519,9,'91.95364222560617','24.912823863335966','2017-02-28 03:29:14'),(520,9,'91.95364222560617','24.912823863335966','2017-02-28 03:29:19'),(521,9,'91.95364222560617','24.912823863335966','2017-02-28 03:29:25'),(522,9,'91.95364222560617','24.912823863335966','2017-02-28 03:29:29'),(523,9,'91.95364222560617','24.912823863335966','2017-02-28 03:29:34'),(524,9,'91.95364222560617','24.912823863335966','2017-02-28 03:29:39'),(525,9,'91.95364222560617','24.912823863335966','2017-02-28 03:30:49'),(526,9,'91.95364222560617','24.912823863335966','2017-02-28 03:30:59'),(527,9,'91.9531895421491','24.912687636240996','2017-02-28 03:30:59'),(528,9,'91.95342920212727','24.912652847010257','2017-02-28 03:31:05'),(529,9,'91.95338054748272','24.912677158381683','2017-02-28 03:31:09'),(530,9,'91.95338367111233','24.912673080325337','2017-02-28 03:31:15'),(531,9,'91.95340279440939','24.91267973332863','2017-02-28 03:31:18'),(532,9,'91.83440681578945','24.911800626928216','2017-02-28 03:35:56'),(533,9,'91.83440681578945','24.911800626928216','2017-02-28 03:36:01'),(534,9,'91.83440681578945','24.911800626928216','2017-02-28 03:36:07'),(535,9,'91.95316098258024','24.91226611367026','2017-02-28 03:36:11'),(536,9,'91.95316098258024','24.91226611367026','2017-02-28 03:36:17'),(537,9,'91.95321547215455','24.912385485276335','2017-02-28 03:36:21'),(538,9,'91.95321547215455','24.912385485276335','2017-02-28 03:36:26'),(539,9,'91.95332448650161','24.912505311790607','2017-02-28 03:36:31'),(540,9,'91.95332448650161','24.912505311790607','2017-02-28 03:36:36'),(541,9,'91.9534115239114','24.912601286725042','2017-02-28 03:36:42'),(542,9,'91.95350816971364','24.912688487366054','2017-02-28 03:36:46'),(543,9,'91.95350816971364','24.912688487366054','2017-02-28 03:36:52'),(544,9,'91.95350816971364','24.912688487366054','2017-02-28 03:36:56'),(545,9,'91.95358671484023','24.912771812501358','2017-02-28 03:37:01'),(546,9,'91.95358671484023','24.912771812501358','2017-02-28 03:37:06'),(547,9,'91.95358671484023','24.912771812501358','2017-02-28 03:37:13'),(548,9,'91.95358671484023','24.912771812501358','2017-02-28 03:37:17'),(549,9,'91.95358671484023','24.912771812501358','2017-02-28 03:37:23'),(550,9,'91.95358671484023','24.912771812501358','2017-02-28 03:37:27'),(551,9,'91.95358671484023','24.912771812501358','2017-02-28 03:37:32'),(552,9,'91.95358671484023','24.912771812501358','2017-02-28 03:37:37'),(553,9,'91.95358671484023','24.912771812501358','2017-02-28 03:37:42'),(554,9,'91.95358671484023','24.912771812501358','2017-02-28 03:37:47'),(555,9,'91.95358671484023','24.912771812501358','2017-02-28 03:37:52'),(556,9,'91.95358671484023','24.912771812501358','2017-02-28 03:37:57'),(557,9,'91.95358671484023','24.912771812501358','2017-02-28 03:38:02'),(558,9,'91.95358671484023','24.912771812501358','2017-02-28 03:38:07'),(559,9,'91.95358671484023','24.912771812501358','2017-02-28 03:38:12'),(560,9,'91.95358671484023','24.912771812501358','2017-02-28 03:38:17'),(561,9,'91.95358671484023','24.912771812501358','2017-02-28 03:38:23'),(562,9,'91.95358671484023','24.912771812501358','2017-02-28 03:38:27'),(563,9,'91.95358671484023','24.912771812501358','2017-02-28 03:38:32'),(564,9,'91.95358671484023','24.912771812501358','2017-02-28 03:38:38'),(565,9,'91.95358671484023','24.912771812501358','2017-02-28 03:38:42'),(566,9,'91.95358671484023','24.912771812501358','2017-02-28 03:38:47'),(567,9,'91.95358671484023','24.912771812501358','2017-02-28 03:38:52'),(568,9,'91.95358671484023','24.912771812501358','2017-02-28 03:38:59'),(569,9,'91.95358671484023','24.912771812501358','2017-02-28 03:39:02'),(570,9,'91.95358671484023','24.912771812501358','2017-02-28 03:39:07'),(571,9,'91.95358671484023','24.912771812501358','2017-02-28 03:39:12'),(572,9,'91.95358671484023','24.912771812501358','2017-02-28 03:39:17'),(573,9,'91.95358671484023','24.912771812501358','2017-02-28 03:39:23'),(574,9,'91.95358671484023','24.912771812501358','2017-02-28 03:39:27'),(575,9,'91.95358671484023','24.912771812501358','2017-02-28 03:39:32'),(576,9,'91.95358671484023','24.912771812501358','2017-02-28 03:39:37'),(577,9,'91.95358671484023','24.912771812501358','2017-02-28 03:39:42'),(578,9,'91.95359620983778','24.912762066666478','2017-02-28 03:39:47'),(579,9,'91.95358403172973','24.912749904746278','2017-02-28 03:39:52'),(580,9,'91.95357451151608','24.912738480609335','2017-02-28 03:39:57'),(581,9,'91.9535663222757','24.912726493243074','2017-02-28 03:40:02'),(582,9,'91.95355347555864','24.912706458026737','2017-02-28 03:40:07'),(583,9,'91.95354988199601','24.912698935318858','2017-02-28 03:40:13'),(584,9,'91.95354829598081','24.91269763903371','2017-02-28 03:40:17'),(585,9,'91.95354829598081','24.91269763903375','2017-02-28 03:40:22'),(586,9,'91.95354829598081','24.91269763903375','2017-02-28 03:40:28'),(587,9,'91.95354829598081','24.91269763903375','2017-02-28 03:40:32'),(588,9,'91.95354829598081','24.91269763903375','2017-02-28 03:40:38'),(589,9,'91.95354829598081','24.91269763903375','2017-02-28 03:40:42'),(590,9,'91.95358026869245','24.912793733598832','2017-02-28 03:40:47'),(591,9,'91.95359952398546','24.912813889481683','2017-02-28 03:40:54'),(592,9,'91.95361248528354','24.912811011432456','2017-02-28 03:40:57'),(593,9,'91.9536318599863','24.912811832502268','2017-02-28 03:41:03'),(594,9,'91.95365275975075','24.912817969276738','2017-02-28 03:41:07'),(595,9,'91.95365275975075','24.91281796927675','2017-02-28 03:41:12'),(596,9,'91.95365275975075','24.91281796927675','2017-02-28 03:41:18'),(597,9,'91.95364514424783','24.912824391607494','2017-02-28 03:41:22'),(598,9,'91.95362432070999','24.912818839583863','2017-02-28 03:41:27'),(599,9,'91.95362479243121','24.91281885108094','2017-02-28 03:41:32'),(600,9,'91.95363646281126','24.912824380628198','2017-02-28 03:41:37'),(601,9,'91.95364360757642','24.912822685159945','2017-02-28 03:41:42'),(602,9,'91.95364933650579','24.912805318791566','2017-02-28 03:41:48'),(603,9,'91.95364230545526','24.912806557886242','2017-02-28 03:41:55'),(604,9,'91.95363175032371','24.912803541799722','2017-02-28 03:41:57'),(605,9,'91.95361558804636','24.91279588326098','2017-02-28 03:42:02'),(606,9,'91.95358362502579','24.912786513979164','2017-02-28 03:42:07'),(607,9,'91.95358092894658','24.91278726317273','2017-02-28 03:44:15'),(608,9,'91.95358092894658','24.91278726317273','2017-02-28 03:44:19'),(609,9,'91.95387772219789','24.913406197419132','2017-02-28 03:44:24'),(610,9,'91.95354003766374','24.912880413174253','2017-02-28 03:44:29'),(611,9,'91.95344375678427','24.912718348801363','2017-02-28 03:44:34'),(612,9,'91.95344375678427','24.912718348801363','2017-02-28 03:44:51'),(613,9,'91.95344375678427','24.912718348801363','2017-02-28 03:44:57'),(614,9,'91.95344375678427','24.912718348801363','2017-02-28 03:44:57'),(615,9,'91.95344375678427','24.912718348801363','2017-02-28 03:44:57'),(616,9,'91.95344375678427','24.912718348801363','2017-02-28 03:45:00'),(617,9,'91.95357330836056','24.912761026112722','2017-02-28 03:45:04'),(618,9,'91.95357330836056','24.912761026112722','2017-02-28 03:45:09'),(619,9,'91.95357330836056','24.912761026112722','2017-02-28 03:45:14'),(620,9,'91.95357330836056','24.912761026112722','2017-02-28 03:45:19'),(621,9,'91.95357330836056','24.912761026112722','2017-02-28 03:45:24'),(622,9,'91.95357330836056','24.912761026112722','2017-02-28 03:45:29'),(623,9,'91.95357330836056','24.912761026112722','2017-02-28 03:45:34'),(624,9,'91.95357330836056','24.912761026112722','2017-02-28 03:45:39'),(625,9,'91.95360777434405','24.91286639625057','2017-02-28 03:45:44'),(626,9,'91.95360777434405','24.91286639625057','2017-02-28 03:45:49'),(627,9,'91.95360777434405','24.91286639625057','2017-02-28 03:45:54'),(628,9,'91.95360777434405','24.91286639625057','2017-02-28 03:46:20'),(629,9,'91.95340422408795','24.912866036588415','2017-02-28 03:46:44'),(630,9,'91.95340422408795','24.912866036588415','2017-02-28 03:47:00'),(631,9,'91.95356878465','24.912811955902477','2017-02-28 03:47:23'),(632,9,'91.95356878465','24.912811955902477','2017-02-28 03:47:40'),(633,9,'91.95356878465','24.912811955902477','2017-02-28 03:48:00'),(634,9,'91.95356878465','24.912811955902477','2017-02-28 03:48:20'),(635,9,'91.95356878465','24.912811955902477','2017-02-28 03:48:40'),(636,9,'91.95356878465','24.912811955902477','2017-02-28 03:49:03'),(637,9,'91.95356878465','24.912811955902477','2017-02-28 03:49:20'),(638,9,'91.95356878465','24.912811955902477','2017-02-28 03:49:40'),(639,9,'91.95356878465','24.912811955902477','2017-02-28 03:50:02'),(640,9,'91.95370606643209','24.91278454945372','2017-02-28 03:50:20'),(641,9,'91.95370606643209','24.91278454945372','2017-02-28 03:50:40'),(642,9,'91.95370606643209','24.91278454945372','2017-02-28 03:51:00'),(643,9,'91.95370606643209','24.91278454945372','2017-02-28 03:51:20'),(644,9,'91.95365827277885','24.912846932859544','2017-02-28 03:51:44'),(645,9,'91.953614562557','24.912848016502252','2017-02-28 03:52:01'),(646,9,'91.95360261372272','24.9127510812963','2017-02-28 03:52:20'),(647,9,'91.9535710125929','24.912740517481247','2017-02-28 03:52:40'),(648,9,'91.95354471749474','24.91272516056848','2017-02-28 03:53:00'),(649,9,'91.9535617628383','24.912741556189165','2017-02-28 03:53:22'),(650,9,'91.95358534469543','24.91275772000676','2017-02-28 03:53:41'),(651,9,'91.95355450974048','24.91272957409646','2017-02-28 03:54:01'),(652,9,'91.95353931299624','24.912731136219705','2017-02-28 03:54:23'),(653,9,'91.95353940124306','24.91273916085973','2017-02-28 03:54:41'),(654,9,'91.95356137495168','24.912754379903152','2017-02-28 03:55:01'),(655,9,'91.95364411326037','24.9128019302309','2017-02-28 03:55:21'),(656,9,'91.95366753009117','24.912796319018643','2017-02-28 03:55:43'),(657,9,'91.95366431927478','24.912777015774417','2017-02-28 03:56:03'),(658,9,'91.95367212994024','24.912765483881444','2017-02-28 03:56:21'),(659,9,'91.95360971879855','24.912718298589528','2017-02-28 03:56:41'),(660,9,'91.9535112158241','24.912658372819294','2017-02-28 03:57:01'),(661,9,'91.95350809429112','24.912648387818283','2017-02-28 03:57:23'),(662,9,'91.95353781615715','24.912697154802366','2017-02-28 03:57:42'),(663,9,'91.95352576552415','24.91273428825166','2017-02-28 03:58:01'),(664,9,'91.9535827304231','24.912761826834384','2017-02-28 03:58:21'),(665,9,'91.95361672578427','24.912728722121354','2017-02-28 03:58:41'),(666,9,'91.9536018488701','24.912732037263375','2017-02-28 03:59:03'),(667,9,'91.95357043535464','24.912767587863097','2017-02-28 03:59:21'),(668,9,'91.95342344129861','24.91269871745749','2017-02-28 04:01:33'),(669,9,'91.95352488063425','24.912760599154915','2017-02-28 04:01:54'),(670,9,'91.95359691780057','24.91280284673548','2017-02-28 05:03:09'),(671,9,'91.95371107938949','24.91267279190421','2017-02-28 05:03:29'),(672,9,'91.95370840296182','24.912762374039044','2017-02-28 05:03:49'),(673,9,'91.95370840296182','24.912762374039044','2017-02-28 05:04:09'),(674,9,'91.95370840296182','24.912762374039044','2017-02-28 05:04:29'),(675,9,'91.95362782539536','24.912821692621034','2017-02-28 05:04:49'),(676,9,'91.95362782539536','24.912821692621034','2017-02-28 05:05:11'),(677,9,'91.9536160338983','24.9128705844819','2017-02-28 05:05:29'),(678,9,'91.9536160338983','24.9128705844819','2017-02-28 05:05:51'),(679,9,'91.9536160338983','24.9128705844819','2017-02-28 05:06:09'),(680,9,'91.9536160338983','24.9128705844819','2017-02-28 05:06:29'),(681,9,'91.9536160338983','24.9128705844819','2017-02-28 05:06:51'),(682,9,'91.9536160338983','24.9128705844819','2017-02-28 05:07:09'),(683,9,'91.9536160338983','24.9128705844819','2017-02-28 05:07:31'),(684,9,'91.9536160338983','24.9128705844819','2017-02-28 05:07:49'),(685,9,'91.95355136700432','24.91278177572427','2017-02-28 05:08:09'),(686,9,'91.95355136700432','24.91278177572427','2017-02-28 05:08:29'),(687,9,'91.95355136700432','24.91278177572427','2017-02-28 05:08:49'),(688,9,'91.95355136700432','24.91278177572427','2017-02-28 05:09:10'),(689,9,'91.95355136700432','24.91278177572427','2017-02-28 05:09:33'),(690,9,'91.95355136700432','24.91278177572427','2017-02-28 05:09:49'),(691,9,'91.95355136700432','24.91278177572427','2017-02-28 05:10:10'),(692,9,'91.95355136700432','24.91278177572427','2017-02-28 05:10:30'),(693,9,'91.95355136700432','24.91278177572427','2017-02-28 05:10:49'),(694,9,'91.95355136700432','24.91278177572427','2017-02-28 05:11:09'),(695,9,'91.95355136700432','24.91278177572427','2017-02-28 05:11:29'),(696,9,'91.95355136700432','24.91278177572427','2017-02-28 05:11:50'),(697,9,'91.95355136700432','24.91278177572427','2017-02-28 05:12:09'),(698,9,'91.95355136700432','24.91278177572427','2017-02-28 05:12:31'),(699,9,'91.95355136700432','24.91278177572427','2017-02-28 05:12:50'),(700,9,'91.95348383441785','24.912981956819824','2017-02-28 05:13:10'),(701,9,'91.95348383441785','24.912981956819824','2017-02-28 05:13:31'),(702,9,'91.95348383441785','24.912981956819824','2017-02-28 05:13:51'),(703,9,'91.95348383441785','24.912981956819824','2017-02-28 05:14:10'),(704,9,'91.95348383441785','24.912981956819824','2017-02-28 05:14:30'),(705,9,'91.95351013989472','24.91283954179684','2017-02-28 05:14:54'),(706,9,'91.95351013989472','24.91283954179684','2017-02-28 05:15:10'),(707,9,'91.95358607292083','24.912803158640205','2017-02-28 05:15:30'),(708,9,'91.95358607292083','24.912803158640205','2017-02-28 05:15:50'),(709,9,'91.95358607292083','24.912803158640205','2017-02-28 05:16:11'),(710,9,'91.95358607292083','24.912803158640205','2017-02-28 05:16:31'),(711,9,'91.95358607292083','24.912803158640205','2017-02-28 05:16:51'),(712,9,'91.95358607292083','24.912803158640205','2017-02-28 05:17:10'),(713,9,'91.95358607292083','24.912803158640205','2017-02-28 05:17:35'),(714,9,'91.95358607292083','24.912803158640205','2017-02-28 05:17:52'),(715,9,'91.95366681596778','24.91287642974377','2017-02-28 05:18:11'),(716,9,'91.95366681596778','24.91287642974377','2017-02-28 05:18:33'),(717,9,'91.95366681596778','24.91287642974377','2017-02-28 05:18:51'),(718,9,'91.95366681596778','24.91287642974377','2017-02-28 05:19:11'),(719,9,'91.95332446113098','24.912637066818498','2017-02-28 05:19:31'),(720,9,'91.95332446113098','24.912637066818498','2017-02-28 05:19:53'),(721,9,'91.95332446113098','24.912637066818498','2017-02-28 05:20:12'),(722,9,'91.95332446113098','24.912637066818498','2017-02-28 05:20:31'),(723,9,'91.95372704480324','24.912766006108185','2017-02-28 05:23:53'),(724,9,'91.95372704480324','24.912766006108185','2017-02-28 05:23:53'),(725,9,'91.95372704480324','24.912766006108185','2017-02-28 05:23:53'),(726,9,'91.95372704480324','24.912766006108185','2017-02-28 05:23:53'),(727,9,'91.95372704480324','24.912766006108185','2017-02-28 05:23:54'),(728,9,'91.95372704480324','24.912766006108185','2017-02-28 05:24:11'),(729,9,'91.95372704480324','24.912766006108185','2017-02-28 05:24:32'),(730,9,'91.95372704480324','24.912766006108185','2017-02-28 05:24:51'),(731,9,'91.95372704480324','24.912766006108185','2017-02-28 05:25:00'),(732,9,'91.95372704480324','24.912766006108185','2017-02-28 05:25:19'),(733,9,'91.95372704480324','24.912766006108185','2017-02-28 05:25:39'),(734,9,'91.95372704480324','24.912766006108185','2017-02-28 05:26:01'),(735,9,'91.95356916897715','24.912768778421245','2017-02-28 05:26:20'),(736,9,'91.95356916897715','24.912768778421245','2017-02-28 05:26:40'),(737,9,'91.95356916897715','24.912768778421245','2017-02-28 05:27:00'),(738,9,'91.95359127357564','24.912647702804534','2017-02-28 05:27:20'),(739,9,'91.95359127357564','24.912647702804534','2017-02-28 05:27:42'),(740,9,'91.95359127357564','24.912647702804534','2017-02-28 05:28:00'),(741,9,'91.95359127357564','24.912647702804534','2017-02-28 05:28:22'),(742,9,'91.95359127357564','24.912647702804534','2017-02-28 05:28:40'),(743,9,'91.95359127357564','24.912647702804534','2017-02-28 05:29:03'),(744,9,'91.95359127357564','24.912647702804534','2017-02-28 05:29:20'),(745,9,'91.95359127357564','24.912647702804534','2017-02-28 05:29:42'),(746,9,'91.95359127357564','24.912647702804534','2017-02-28 05:30:00'),(747,9,'91.95359127357564','24.912647702804534','2017-02-28 05:30:20'),(748,9,'91.95359127357564','24.912647702804534','2017-02-28 05:30:40'),(749,9,'91.95359127357564','24.912647702804534','2017-02-28 05:31:03'),(750,9,'91.95359127357564','24.912647702804534','2017-02-28 05:31:22'),(751,9,'91.95359127357564','24.912647702804534','2017-02-28 05:31:41'),(752,9,'91.95359127357564','24.912647702804534','2017-02-28 05:32:01'),(753,9,'91.95359127357564','24.912647702804534','2017-02-28 05:32:21'),(754,9,'91.95359127357564','24.912647702804534','2017-02-28 05:32:41'),(755,9,'91.95359127357564','24.912647702804534','2017-02-28 05:33:01'),(756,9,'91.95359127357564','24.912647702804534','2017-02-28 05:33:22'),(757,9,'91.95359127357564','24.912647702804534','2017-02-28 05:33:41'),(758,9,'91.95359127357564','24.912647702804534','2017-02-28 05:34:04'),(759,9,'91.95359127357564','24.912647702804534','2017-02-28 05:34:22'),(760,9,'91.95359127357564','24.912647702804534','2017-02-28 05:34:42'),(761,9,'91.9534869619772','24.912845646849878','2017-02-28 05:35:01'),(762,9,'91.9534869619772','24.912845646849878','2017-02-28 05:35:21'),(763,9,'91.9534869619772','24.912845646849878','2017-02-28 05:35:42'),(764,9,'91.9534869619772','24.912845646849878','2017-02-28 05:36:02'),(765,9,'91.9534869619772','24.912845646849878','2017-02-28 05:36:22'),(766,9,'91.9534869619772','24.912845646849878','2017-02-28 05:36:42'),(767,9,'91.9534869619772','24.912845646849878','2017-02-28 05:37:04'),(768,9,'91.9534869619772','24.912845646849878','2017-02-28 05:37:22'),(769,9,'91.9534869619772','24.912845646849878','2017-02-28 05:37:42'),(770,9,'91.9534869619772','24.912845646849878','2017-02-28 05:38:04'),(771,9,'91.9534869619772','24.912845646849878','2017-02-28 05:38:22'),(772,9,'91.9534869619772','24.912845646849878','2017-02-28 05:38:42'),(773,9,'91.9534869619772','24.912845646849878','2017-02-28 05:39:02'),(774,9,'91.9534869619772','24.912845646849878','2017-02-28 05:39:22'),(775,9,'91.9534869619772','24.912845646849878','2017-02-28 05:39:45'),(776,9,'91.9534869619772','24.912845646849878','2017-02-28 05:40:03'),(777,9,'91.9534869619772','24.912845646849878','2017-02-28 05:40:26'),(778,9,'91.9534869619772','24.912845646849878','2017-02-28 05:40:43'),(779,9,'91.9534869619772','24.912845646849878','2017-02-28 05:41:05'),(780,9,'91.9534869619772','24.912845646849878','2017-02-28 05:41:23'),(781,9,'91.9534869619772','24.912845646849878','2017-02-28 05:41:43'),(782,9,'91.9534869619772','24.912845646849878','2017-02-28 05:42:03'),(783,9,'91.9534869619772','24.912845646849878','2017-02-28 05:42:25'),(784,9,'91.9534869619772','24.912845646849878','2017-02-28 05:42:43'),(785,9,'91.9534869619772','24.912845646849878','2017-02-28 05:48:45'),(786,20,'91.8395116','24.9098405','2017-02-28 06:32:09'),(787,20,'91.8395271191711','24.90969353892147','2017-02-28 06:32:29'),(788,20,'91.839462349179','24.909743102286008','2017-02-28 06:32:49'),(789,20,'91.83945949189116','24.90983023789697','2017-02-28 06:33:08'),(790,20,'91.83945949189116','24.90983023789697','2017-02-28 06:33:29'),(791,20,'91.83945949189116','24.90983023789697','2017-02-28 06:33:49'),(792,20,'91.83945949189116','24.90983023789697','2017-02-28 06:34:09'),(793,20,'91.83945949189116','24.90983023789697','2017-02-28 06:34:29'),(794,20,'91.83945949189116','24.90983023789697','2017-02-28 06:34:49'),(795,20,'91.83945949189116','24.90983023789697','2017-02-28 06:35:09'),(796,20,'91.83945949189116','24.90983023789697','2017-02-28 06:35:29'),(797,20,'91.83945949189116','24.90983023789697','2017-02-28 06:35:49'),(798,20,'91.83945949189116','24.90983023789697','2017-02-28 06:36:09'),(799,20,'91.83945949189116','24.90983023789697','2017-02-28 06:36:29'),(800,20,'91.83945949189116','24.90983023789697','2017-02-28 06:36:49'),(801,20,'91.83945949189116','24.90983023789697','2017-02-28 06:37:09'),(802,20,'91.83945949189116','24.90983023789697','2017-02-28 06:37:29'),(803,20,'91.83945949189116','24.90983023789697','2017-02-28 06:37:49'),(804,20,'91.83945949189116','24.90983023789697','2017-02-28 06:38:09'),(805,20,'91.83945949189116','24.90983023789697','2017-02-28 06:38:29'),(806,20,'91.83945949189116','24.90983023789697','2017-02-28 06:38:49'),(807,20,'91.83945949189116','24.90983023789697','2017-02-28 06:39:09'),(808,20,'91.83945949189116','24.90983023789697','2017-02-28 06:39:29'),(809,20,'91.83945949189116','24.90983023789697','2017-02-28 06:39:49'),(810,20,'91.83945949189116','24.90983023789697','2017-02-28 06:40:09'),(811,20,'91.83945949189116','24.90983023789697','2017-02-28 06:40:29'),(812,20,'91.83945949189116','24.90983023789697','2017-02-28 06:40:49'),(813,20,'91.83945949189116','24.90983023789697','2017-02-28 06:41:09'),(814,20,'91.83945949189116','24.90983023789697','2017-02-28 06:41:29'),(815,20,'91.83945949189116','24.90983023789697','2017-02-28 06:41:49'),(816,20,'91.83945949189116','24.90983023789697','2017-02-28 06:42:09'),(817,20,'91.83945949189116','24.90983023789697','2017-02-28 06:42:29'),(818,20,'91.83945949189116','24.90983023789697','2017-02-28 06:42:49'),(819,20,'91.83945949189116','24.90983023789697','2017-02-28 06:43:09'),(820,20,'91.83945949189116','24.90983023789697','2017-02-28 06:43:29'),(821,20,'91.83945949189116','24.90983023789697','2017-02-28 06:43:49'),(822,20,'91.83945949189116','24.90983023789697','2017-02-28 06:44:09'),(823,20,'91.83945949189116','24.90983023789697','2017-02-28 06:44:29'),(824,20,'91.83945949189116','24.90983023789697','2017-02-28 06:44:49'),(825,20,'91.83945949189116','24.90983023789697','2017-02-28 06:45:09'),(826,20,'91.83945949189116','24.90983023789697','2017-02-28 06:45:29'),(827,20,'91.83945949189116','24.90983023789697','2017-02-28 06:45:49'),(828,20,'91.83945949189116','24.90983023789697','2017-02-28 06:46:09'),(829,20,'91.83945949189116','24.90983023789697','2017-02-28 06:46:29'),(830,20,'91.83945949189116','24.90983023789697','2017-02-28 06:46:49'),(831,20,'91.83945949189116','24.90983023789697','2017-02-28 06:47:09'),(832,20,'91.83945949189116','24.90983023789697','2017-02-28 06:47:29'),(833,20,'91.83945949189116','24.90983023789697','2017-02-28 06:47:49'),(834,20,'91.83945949189116','24.90983023789697','2017-02-28 06:48:09'),(835,20,'91.83945949189116','24.90983023789697','2017-02-28 06:48:29'),(836,20,'91.83945949189116','24.90983023789697','2017-02-28 06:48:49'),(837,20,'91.83945949189116','24.90983023789697','2017-02-28 06:49:09'),(838,20,'91.83945949189116','24.90983023789697','2017-02-28 06:49:29'),(839,20,'91.83945949189116','24.90983023789697','2017-02-28 06:49:49'),(840,20,'91.83945949189116','24.90983023789697','2017-02-28 06:50:09'),(841,20,'91.83945949189116','24.90983023789697','2017-02-28 06:50:29'),(842,20,'91.83945949189116','24.90983023789697','2017-02-28 06:50:49'),(843,20,'91.83945949189116','24.90983023789697','2017-02-28 06:51:09'),(844,20,'91.83945949189116','24.90983023789697','2017-02-28 06:51:29'),(845,20,'91.83945949189116','24.90983023789697','2017-02-28 06:51:49'),(846,20,'91.83945949189116','24.90983023789697','2017-02-28 06:52:09'),(847,20,'91.83945949189116','24.90983023789697','2017-02-28 06:52:29'),(848,20,'91.83945949189116','24.90983023789697','2017-02-28 06:52:49'),(849,20,'91.83945949189116','24.90983023789697','2017-02-28 06:53:09'),(850,20,'91.83945949189116','24.90983023789697','2017-02-28 06:53:29'),(851,20,'91.83945949189116','24.90983023789697','2017-02-28 06:53:49'),(852,20,'91.83945949189116','24.90983023789697','2017-02-28 06:54:09'),(853,20,'91.83945949189116','24.90983023789697','2017-02-28 06:54:29'),(854,20,'91.83945949189116','24.90983023789697','2017-02-28 06:54:49'),(855,20,'91.83945949189116','24.90983023789697','2017-02-28 06:55:09'),(856,20,'91.83945949189116','24.90983023789697','2017-02-28 06:55:29'),(857,20,'91.83945949189116','24.90983023789697','2017-02-28 06:55:49'),(858,20,'91.83945949189116','24.90983023789697','2017-02-28 06:56:09'),(859,20,'91.83945949189116','24.90983023789697','2017-02-28 06:56:29'),(860,20,'91.83945949189116','24.90983023789697','2017-02-28 06:56:49'),(861,20,'91.83945949189116','24.90983023789697','2017-02-28 06:57:09'),(862,20,'91.83945949189116','24.90983023789697','2017-02-28 06:57:29'),(863,20,'91.83945949189116','24.90983023789697','2017-02-28 06:57:49'),(864,20,'91.83945949189116','24.90983023789697','2017-02-28 06:58:09'),(865,20,'91.83945949189116','24.90983023789697','2017-02-28 06:58:29'),(866,20,'91.83945949189116','24.90983023789697','2017-02-28 06:58:49'),(867,20,'91.83945949189116','24.90983023789697','2017-02-28 06:59:09'),(868,20,'91.83945949189116','24.90983023789697','2017-02-28 06:59:29'),(869,20,'91.83945949189116','24.90983023789697','2017-02-28 06:59:49'),(870,20,'91.83945949189116','24.90983023789697','2017-02-28 07:00:09'),(871,20,'91.83945949189116','24.90983023789697','2017-02-28 07:00:29'),(872,20,'91.83945949189116','24.90983023789697','2017-02-28 07:00:49'),(873,20,'91.83945949189116','24.90983023789697','2017-02-28 07:01:09'),(874,20,'91.83945949189116','24.90983023789697','2017-02-28 07:01:29'),(875,20,'91.83945949189116','24.90983023789697','2017-02-28 07:01:49'),(876,20,'91.83945949189116','24.90983023789697','2017-02-28 07:02:09'),(877,20,'91.83945949189116','24.90983023789697','2017-02-28 07:02:29'),(878,20,'91.83945949189116','24.90983023789697','2017-02-28 07:02:49'),(879,20,'91.83945949189116','24.90983023789697','2017-02-28 07:03:09'),(880,20,'91.83945949189116','24.90983023789697','2017-02-28 07:03:29'),(881,20,'91.83945949189116','24.90983023789697','2017-02-28 07:03:49'),(882,20,'91.83945949189116','24.90983023789697','2017-02-28 07:04:09'),(883,20,'91.83945949189116','24.90983023789697','2017-02-28 07:04:29'),(884,20,'91.83945949189116','24.90983023789697','2017-02-28 07:04:49'),(885,20,'91.83945949189116','24.90983023789697','2017-02-28 07:05:09'),(886,20,'91.83945949189116','24.90983023789697','2017-02-28 07:05:29'),(887,20,'91.83945949189116','24.90983023789697','2017-02-28 07:05:50'),(888,20,'91.83945949189116','24.90983023789697','2017-02-28 07:06:10'),(889,20,'91.83945949189116','24.90983023789697','2017-02-28 07:06:30'),(890,20,'91.83945949189116','24.90983023789697','2017-02-28 07:06:50'),(891,20,'91.83945949189116','24.90983023789697','2017-02-28 07:07:10'),(892,20,'91.83945949189116','24.90983023789697','2017-02-28 07:07:30'),(893,20,'91.83945949189116','24.90983023789697','2017-02-28 07:07:50'),(894,20,'91.83945949189116','24.90983023789697','2017-02-28 07:08:10'),(895,20,'91.83945949189116','24.90983023789697','2017-02-28 07:08:30'),(896,20,'91.83945949189116','24.90983023789697','2017-02-28 07:08:50'),(897,20,'91.83945949189116','24.90983023789697','2017-02-28 07:09:15'),(898,20,'91.83945949189116','24.90983023789697','2017-02-28 07:09:35'),(899,20,'91.83945949189116','24.90983023789697','2017-02-28 07:10:00'),(900,20,'91.83945949189116','24.90983023789697','2017-02-28 07:10:20'),(901,20,'91.83945949189116','24.90983023789697','2017-02-28 07:10:40'),(902,20,'91.83945949189116','24.90983023789697','2017-02-28 07:11:00'),(903,20,'91.83945949189116','24.90983023789697','2017-02-28 07:11:20'),(904,20,'91.83945949189116','24.90983023789697','2017-02-28 07:11:40'),(905,20,'91.83945949189116','24.90983023789697','2017-02-28 07:12:00'),(906,20,'91.83945949189116','24.90983023789697','2017-02-28 07:12:20'),(907,20,'91.83945949189116','24.90983023789697','2017-02-28 07:12:40'),(908,20,'91.83945949189116','24.90983023789697','2017-02-28 07:13:00'),(909,20,'91.83945949189116','24.90983023789697','2017-02-28 07:13:20'),(910,20,'91.83945949189116','24.90983023789697','2017-02-28 07:13:40'),(911,20,'91.83945949189116','24.90983023789697','2017-02-28 07:14:00'),(912,20,'91.83945949189116','24.90983023789697','2017-02-28 07:14:20'),(913,20,'91.83945949189116','24.90983023789697','2017-02-28 07:14:40'),(914,20,'91.83945949189116','24.90983023789697','2017-02-28 07:15:00'),(915,20,'91.83945949189116','24.90983023789697','2017-02-28 07:15:20'),(916,20,'91.83945949189116','24.90983023789697','2017-02-28 07:15:40'),(917,20,'91.83945949189116','24.90983023789697','2017-02-28 07:16:00'),(918,20,'91.83945949189116','24.90983023789697','2017-02-28 07:16:20'),(919,20,'91.83945949189116','24.90983023789697','2017-02-28 07:16:40'),(920,20,'91.83945949189116','24.90983023789697','2017-02-28 07:17:00'),(921,20,'91.83945949189116','24.90983023789697','2017-02-28 07:17:20'),(922,20,'91.83945949189116','24.90983023789697','2017-02-28 07:17:40'),(923,20,'91.83945949189116','24.90983023789697','2017-02-28 07:18:00'),(924,20,'91.83945949189116','24.90983023789697','2017-02-28 07:18:20'),(925,20,'91.83945949189116','24.90983023789697','2017-02-28 07:18:40'),(926,20,'91.83945949189116','24.90983023789697','2017-02-28 07:19:00'),(927,20,'91.83945949189116','24.90983023789697','2017-02-28 07:19:20'),(928,20,'91.83945949189116','24.90983023789697','2017-02-28 07:19:40'),(929,20,'91.83945949189116','24.90983023789697','2017-02-28 07:20:00'),(930,20,'91.83945949189116','24.90983023789697','2017-02-28 07:20:22'),(931,20,'91.83945949189116','24.90983023789697','2017-02-28 07:20:40'),(932,20,'91.83945949189116','24.90983023789697','2017-02-28 07:21:00'),(933,20,'91.83945949189116','24.90983023789697','2017-02-28 07:21:20'),(934,20,'91.83945949189116','24.90983023789697','2017-02-28 07:21:40'),(935,20,'91.83945949189116','24.90983023789697','2017-02-28 07:22:00'),(936,20,'91.83945949189116','24.90983023789697','2017-02-28 07:22:20'),(937,20,'91.83945949189116','24.90983023789697','2017-02-28 07:22:40'),(938,20,'91.83945949189116','24.90983023789697','2017-02-28 07:23:00'),(939,20,'91.83945949189116','24.90983023789697','2017-02-28 07:23:20'),(940,20,'91.83945949189116','24.90983023789697','2017-02-28 07:23:40'),(941,20,'91.83945949189116','24.90983023789697','2017-02-28 07:24:00'),(942,20,'91.83945949189116','24.90983023789697','2017-02-28 07:24:20'),(943,20,'91.83945949189116','24.90983023789697','2017-02-28 07:24:40'),(944,20,'91.83945949189116','24.90983023789697','2017-02-28 07:25:00'),(945,20,'91.83945949189116','24.90983023789697','2017-02-28 07:25:20'),(946,20,'91.83945949189116','24.90983023789697','2017-02-28 07:25:40'),(947,20,'91.83945949189116','24.90983023789697','2017-02-28 07:26:00'),(948,20,'91.83945949189116','24.90983023789697','2017-02-28 07:26:20'),(949,20,'91.83945949189116','24.90983023789697','2017-02-28 07:26:40'),(950,20,'91.83945949189116','24.90983023789697','2017-02-28 07:27:00'),(951,20,'91.83945949189116','24.90983023789697','2017-02-28 07:27:20'),(952,20,'91.83945949189116','24.90983023789697','2017-02-28 07:27:40'),(953,20,'91.83945949189116','24.90983023789697','2017-02-28 07:28:00'),(954,20,'91.83945949189116','24.90983023789697','2017-02-28 07:28:20'),(955,20,'91.83945949189116','24.90983023789697','2017-02-28 07:28:40'),(956,20,'91.83945949189116','24.90983023789697','2017-02-28 07:45:31'),(957,20,'91.83945949189116','24.90983023789697','2017-02-28 07:45:54'),(958,20,'91.83945949189116','24.90983023789697','2017-02-28 07:46:12'),(959,20,'91.83945949189116','24.90983023789697','2017-02-28 07:46:34'),(960,20,'91.83945949189116','24.90983023789697','2017-02-28 07:46:52'),(961,20,'91.83945949189116','24.90983023789697','2017-02-28 07:49:09'),(962,20,'91.83945949189116','24.90983023789697','2017-02-28 07:49:21'),(963,20,'91.83945949189116','24.90983023789697','2017-02-28 07:49:43'),(964,20,'91.83945949189116','24.90983023789697','2017-02-28 07:50:01'),(965,20,'91.83945949189116','24.90983023789697','2017-02-28 07:50:21'),(966,20,'91.83945949189116','24.90983023789697','2017-02-28 07:50:41'),(967,20,'91.83945949189116','24.90983023789697','2017-02-28 07:57:18'),(968,20,'91.83945949189116','24.90983023789697','2017-02-28 07:57:27'),(969,20,'91.83945949189116','24.90983023789697','2017-02-28 07:57:48'),(970,20,'91.83945949189116','24.90983023789697','2017-02-28 07:58:07'),(971,20,'91.83945949189116','24.90983023789697','2017-02-28 07:58:32'),(972,20,'91.83945949189116','24.90983023789697','2017-02-28 07:58:47'),(973,20,'91.83945949189116','24.90983023789697','2017-02-28 07:59:06'),(974,20,'91.83945949189116','24.90983023789697','2017-02-28 07:59:29'),(975,20,'91.83945949189116','24.90983023789697','2017-02-28 08:01:12'),(976,20,'91.83945949189116','24.90983023789697','2017-02-28 08:01:28'),(977,20,'91.83945949189116','24.90983023789697','2017-02-28 08:01:47'),(978,20,'91.83945949189116','24.90983023789697','2017-02-28 08:02:07'),(979,20,'91.83945949189116','24.90983023789697','2017-02-28 08:02:27'),(980,20,'91.83945949189116','24.90983023789697','2017-02-28 08:02:49'),(981,20,'91.83945949189116','24.90983023789697','2017-02-28 08:03:09'),(982,20,'91.83945949189116','24.90983023789697','2017-02-28 08:04:07'),(983,20,'91.83945949189116','24.90983023789697','2017-02-28 08:04:08'),(984,20,'91.83945949189116','24.90983023789697','2017-02-28 08:04:12'),(985,20,'91.83945949189116','24.90983023789697','2017-02-28 08:04:32'),(986,20,'91.83945949189116','24.90983023789697','2017-02-28 08:04:54'),(987,20,'91.83945949189116','24.90983023789697','2017-02-28 08:05:12'),(988,20,'91.83945949189116','24.90983023789697','2017-02-28 08:05:36'),(989,20,'91.83945949189116','24.90983023789697','2017-02-28 08:05:52'),(990,20,'91.83945949189116','24.90983023789697','2017-02-28 08:06:16'),(991,20,'91.83945949189116','24.90983023789697','2017-02-28 08:06:32'),(992,20,'91.83945949189116','24.90983023789697','2017-02-28 08:07:21'),(993,20,'91.83945949189116','24.90983023789697','2017-02-28 08:07:21'),(994,20,'91.83945949189116','24.90983023789697','2017-02-28 08:07:40'),(995,20,'91.83945949189116','24.90983023789697','2017-02-28 08:07:58'),(996,20,'91.83945949189116','24.90983023789697','2017-02-28 08:08:19'),(997,20,'91.83945949189116','24.90983023789697','2017-02-28 08:08:38'),(998,20,'91.83945949189116','24.90983023789697','2017-02-28 08:08:58'),(999,20,'91.83945949189116','24.90983023789697','2017-02-28 08:11:54'),(1000,20,'91.83945949189116','24.90983023789697','2017-02-28 08:11:56'),(1000,20,'91.83945949189116','24.90983023789697','2017-02-28 08:11:56'),(1001,20,'91.83945949189116','24.90983023789697','2017-02-28 08:11:56'),(1002,20,'91.83945949189116','24.90983023789697','2017-02-28 08:11:58'),(1002,20,'91.83945949189116','24.90983023789697','2017-02-28 08:11:58'),(1002,20,'91.83945949189116','24.90983023789697','2017-02-28 08:11:58'),(1002,20,'91.83945949189116','24.90983023789697','2017-02-28 08:11:58'),(1003,20,'91.83945949189116','24.90983023789697','2017-02-28 08:12:18'),(1004,20,'91.83945949189116','24.90983023789697','2017-02-28 08:12:38'),(1005,20,'91.83945949189116','24.90983023789697','2017-02-28 08:12:58'),(1006,20,'91.83945949189116','24.90983023789697','2017-02-28 08:13:19'),(1007,20,'91.83945949189116','24.90983023789697','2017-02-28 08:13:38'),(1008,20,'91.83945949189116','24.90983023789697','2017-02-28 08:13:59'),(1009,20,'91.83945949189116','24.90983023789697','2017-02-28 08:14:18'),(1010,20,'91.83945949189116','24.90983023789697','2017-02-28 08:14:39'),(1011,20,'91.83945949189116','24.90983023789697','2017-02-28 08:14:58'),(1012,20,'91.83945949189116','24.90983023789697','2017-02-28 08:15:28'),(1013,20,'91.83945949189116','24.90983023789697','2017-02-28 08:15:38'),(1014,20,'91.83945949189116','24.90983023789697','2017-02-28 08:15:58'),(1015,9,'91.9534869619772','24.912845646849878','2017-02-28 08:16:11'),(1016,20,'91.83945949189116','24.90983023789697','2017-02-28 08:16:18'),(1017,9,'91.95397144260144','24.914347683250895','2017-02-28 08:16:31'),(1018,9,'91.95408435306476','24.915573528953033','2017-02-28 08:16:53'),(1019,9,'91.9539137889647','24.916740707344385','2017-02-28 08:17:11'),(1020,9,'91.95359760087571','24.917219012363972','2017-02-28 08:17:32'),(1021,20,'91.83945949189116','24.90983023789697','2017-02-28 08:17:49'),(1022,20,'91.83945949189116','24.90983023789697','2017-02-28 08:17:50'),(1023,20,'91.83945949189116','24.90983023789697','2017-02-28 08:17:50'),(1024,20,'91.83945949189116','24.90983023789697','2017-02-28 08:17:51'),(1025,9,'91.95176883649347','24.916773293036318','2017-02-28 08:17:55'),(1026,20,'91.83945949189116','24.90983023789697','2017-02-28 08:17:57'),(1027,9,'91.94969697385922','24.91627046549038','2017-02-28 08:18:12'),(1028,20,'91.83945949189116','24.90983023789697','2017-02-28 08:18:20'),(1029,9,'91.94778422604371','24.91582242678441','2017-02-28 08:18:31'),(1030,20,'91.83945949189116','24.90983023789697','2017-02-28 08:18:43'),(1031,9,'91.9456532232885','24.915307982751692','2017-02-28 08:18:52'),(1032,20,'91.83945949189116','24.90983023789697','2017-02-28 08:18:58'),(1033,9,'91.9433676084181','24.91474833290484','2017-02-28 08:19:14'),(1034,20,'91.83945949189116','24.90983023789697','2017-02-28 08:19:18'),(1035,9,'91.94096782516954','24.914156277348734','2017-02-28 08:19:31'),(1036,20,'91.83945949189116','24.90983023789697','2017-02-28 08:19:38'),(1037,9,'91.93899919381109','24.91370479995213','2017-02-28 08:19:54'),(1038,20,'91.83945949189116','24.90983023789697','2017-02-28 08:20:02'),(1039,9,'91.9367298783869','24.913237562487577','2017-02-28 08:20:13'),(1040,20,'91.83945949189116','24.90983023789697','2017-02-28 08:20:18'),(1041,9,'91.93484050627025','24.9125066277242','2017-02-28 08:20:33'),(1042,20,'91.83945949189116','24.90983023789697','2017-02-28 08:20:50'),(1043,9,'91.93388246379004','24.911524632834134','2017-02-28 08:20:52'),(1044,20,'91.83945949189116','24.90983023789697','2017-02-28 08:21:02'),(1045,9,'91.93324034466464','24.910898893986833','2017-02-28 08:21:13'),(1046,20,'91.83945949189116','24.90983023789697','2017-02-28 08:21:24'),(1047,9,'91.93165035246801','24.910288097957054','2017-02-28 08:21:33'),(1048,20,'91.83945949189116','24.90983023789697','2017-02-28 08:21:43'),(1049,9,'91.92960719216737','24.909191505123523','2017-02-28 08:21:53'),(1050,20,'91.83945949189116','24.90983023789697','2017-02-28 08:22:04'),(1051,9,'91.92761448261261','24.907978523227555','2017-02-28 08:22:16'),(1052,20,'91.83945949189116','24.90983023789697','2017-02-28 08:22:23'),(1053,9,'91.92536977951124','24.907031580959256','2017-02-28 08:22:33'),(1054,20,'91.83945949189116','24.90983023789697','2017-02-28 08:22:45'),(1055,9,'91.92349497682417','24.90619704621756','2017-02-28 08:22:53'),(1056,20,'91.83945949189116','24.90983023789697','2017-02-28 08:23:05'),(1057,9,'91.92164162644781','24.904822061767014','2017-02-28 08:23:18'),(1058,20,'91.83945949189116','24.90983023789697','2017-02-28 08:23:23'),(1059,9,'91.9191284068564','24.902997796963213','2017-02-28 08:23:38'),(1060,20,'91.83945949189116','24.90983023789697','2017-02-28 08:23:46'),(1061,9,'91.9169173498842','24.901716399015513','2017-02-28 08:24:00'),(1062,20,'91.83945949189116','24.90983023789697','2017-02-28 08:24:02'),(1063,9,'91.91514061216908','24.900946062762348','2017-02-28 08:24:18'),(1064,20,'91.83945949189116','24.90983023789697','2017-02-28 08:24:25'),(1065,9,'91.9135645661515','24.900207383184664','2017-02-28 08:24:40'),(1066,20,'91.83945949189116','24.90983023789697','2017-02-28 08:24:43'),(1067,9,'91.91181925960072','24.89938776154452','2017-02-28 08:24:57'),(1068,20,'91.83945949189116','24.90983023789697','2017-02-28 08:25:02'),(1069,9,'91.91056126624316','24.89885661963299','2017-02-28 08:25:20'),(1070,20,'91.83945949189116','24.90983023789697','2017-02-28 08:25:24'),(1071,9,'91.9096872851989','24.8985282396452','2017-02-28 08:25:38'),(1072,20,'91.83945949189116','24.90983023789697','2017-02-28 08:25:46'),(1073,9,'91.90855224252783','24.897913937429685','2017-02-28 08:25:58'),(1074,20,'91.83945949189116','24.90983023789697','2017-02-28 08:26:05'),(1075,9,'91.90675198734047','24.896886661628606','2017-02-28 08:26:17'),(1076,20,'91.83945949189116','24.90983023789697','2017-02-28 08:26:25'),(1077,9,'91.90447191586709','24.8965001278015','2017-02-28 08:26:39'),(1078,20,'91.83945949189116','24.90983023789697','2017-02-28 08:26:43'),(1079,9,'91.90255786710559','24.897157705152274','2017-02-28 08:26:59'),(1080,20,'91.83945949189116','24.90983023789697','2017-02-28 08:27:12'),(1081,9,'91.90090938283625','24.89684583444071','2017-02-28 08:27:21'),(1082,20,'91.83945949189116','24.90983023789697','2017-02-28 08:27:23'),(1083,9,'91.90022973086812','24.896954688457487','2017-02-28 08:27:39'),(1084,20,'91.83945949189116','24.90983023789697','2017-02-28 08:27:44'),(1085,9,'91.90091663993388','24.898456683397814','2017-02-28 08:27:59'),(1086,20,'91.83945949189116','24.90983023789697','2017-02-28 08:28:04'),(1087,9,'91.90083830317542','24.899904405506778','2017-02-28 08:28:19'),(1088,20,'91.83945949189116','24.90983023789697','2017-02-28 08:28:23'),(1089,9,'91.89988082127077','24.901456894946634','2017-02-28 08:28:38'),(1090,20,'91.83945949189116','24.90983023789697','2017-02-28 08:28:42'),(1091,9,'91.8993548071026','24.90164273601076','2017-02-28 08:29:01'),(1092,20,'91.83945949189116','24.90983023789697','2017-02-28 08:29:02'),(1093,9,'91.89937481059438','24.901633997264526','2017-02-28 08:29:18'),(1094,9,'91.89937481059438','24.901633997264526','2017-02-28 08:29:41'),(1095,9,'91.89937481059438','24.901633997264526','2017-02-28 08:29:59'),(1096,9,'91.89951324008305','24.901690626314952','2017-02-28 08:30:19'),(1097,9,'91.90078077829173','24.900387502312068','2017-02-28 08:30:39'),(1098,9,'91.90092680543853','24.89849929788315','2017-02-28 08:30:59'),(1099,9,'91.9003465045356','24.897227530697972','2017-02-28 08:31:18'),(1100,9,'91.90030964743826','24.897301285440935','2017-02-28 08:31:40'),(1101,9,'91.90085157287366','24.898440461205','2017-02-28 08:32:00'),(1102,9,'91.90082559876572','24.90003162903822','2017-02-28 08:32:19'),(1103,9,'91.89977764935676','24.90139362747838','2017-02-28 08:32:41'),(1104,9,'91.8994729188797','24.90158910826868','2017-02-28 08:32:59'),(1105,9,'91.8993663200811','24.901623039759617','2017-02-28 08:33:19'),(1106,20,'0.0','0.0','2017-02-28 12:49:51'),(1107,20,'92.4646917','24.8768125','2017-02-28 12:50:14'),(1108,20,'92.4646917','24.8768125','2017-02-28 12:50:29'),(1109,21,'0.0','0.0','2017-03-01 04:18:41'),(1110,21,'91.8798071','25.16899837','2017-03-01 04:19:05'),(1111,21,'91.8796118','25.16865281','2017-03-01 04:19:22'),(1112,21,'91.87962518','25.16881026','2017-03-01 04:19:41'),(1113,21,'91.87962879','25.16883204','2017-03-01 04:20:02'),(1114,21,'91.87964429','25.16889123','2017-03-01 04:20:21'),(1115,21,'91.87966516','25.16890322','2017-03-01 04:20:41'),(1116,21,'91.87966636','25.16888863','2017-03-01 04:21:03'),(1117,21,'91.87969384','25.16890657','2017-03-01 04:21:22'),(1118,21,'91.87969184','25.16891247','2017-03-01 04:21:41'),(1119,21,'91.87970844','25.16891992','2017-03-01 04:22:01'),(1120,21,'91.87970916','25.1689227','2017-03-01 04:22:23'),(1121,21,'91.87971525','25.16893041','2017-03-01 04:22:42'),(1122,21,'91.87971276','25.16892587','2017-03-01 04:23:02'),(1123,21,'91.87971367','25.16892522','2017-03-01 04:23:28'),(1124,21,'91.87970566','25.16892031','2017-03-01 04:23:46'),(1125,20,'91.8395116','24.9098405','2017-03-01 04:23:59'),(1126,21,'91.87970692','25.1689276','2017-03-01 04:24:06'),(1127,20,'91.8395116','24.9098405','2017-03-01 04:24:15'),(1128,21,'91.87971106','25.16893436','2017-03-01 04:24:28'),(1129,20,'91.83944102411508','24.90993259244438','2017-03-01 04:24:35'),(1130,21,'91.87971169','25.16893483','2017-03-01 04:24:46'),(1131,20,'91.8395273719744','24.909875242018785','2017-03-01 04:24:55'),(1132,21,'91.87972586','25.16894653','2017-03-01 04:25:06'),(1133,20,'91.8395273719744','24.909875242018785','2017-03-01 04:25:15'),(1134,21,'91.87973479','25.16895908','2017-03-01 04:25:26'),(1135,20,'91.8395273719744','24.909875242018785','2017-03-01 04:25:35'),(1136,21,'91.87972313','25.16895836','2017-03-01 04:25:50'),(1137,20,'91.8395273719744','24.909875242018785','2017-03-01 04:25:55'),(1138,21,'91.87972383','25.16896113','2017-03-01 04:26:06'),(1139,20,'91.8395273719744','24.909875242018785','2017-03-01 04:26:15'),(1140,21,'91.87972204','25.16897229','2017-03-01 04:26:26'),(1141,20,'91.8395273719744','24.909875242018785','2017-03-01 04:26:35'),(1142,21,'91.87972071','25.16897871','2017-03-01 04:26:46'),(1143,20,'91.8395273719744','24.909875242018785','2017-03-01 04:26:55'),(1144,21,'91.87972061','25.16897891','2017-03-01 04:27:06'),(1145,20,'91.8395273719744','24.909875242018785','2017-03-01 04:27:15'),(1146,21,'91.87972053','25.16897901','2017-03-01 04:27:26'),(1147,20,'91.8395273719744','24.909875242018785','2017-03-01 04:27:36'),(1148,21,'91.87971302','25.16900441','2017-03-01 04:27:46'),(1149,20,'91.8395273719744','24.909875242018785','2017-03-01 04:27:56'),(1150,21,'91.87969791','25.16902286','2017-03-01 04:28:06'),(1151,20,'91.8395273719744','24.909875242018785','2017-03-01 04:28:15'),(1152,21,'91.87969027','25.16903208','2017-03-01 04:28:26'),(1153,20,'91.8395273719744','24.909875242018785','2017-03-01 04:28:36'),(1154,21,'91.87969028','25.16903208','2017-03-01 04:28:47'),(1155,20,'91.8395273719744','24.909875242018785','2017-03-01 04:28:56'),(1156,21,'91.87968896','25.16903673','2017-03-01 04:29:07'),(1157,20,'91.8395273719744','24.909875242018785','2017-03-01 04:29:16'),(1158,21,'91.87968408','25.16905436','2017-03-01 04:29:27'),(1159,20,'91.8395273719744','24.909875242018785','2017-03-01 04:29:36'),(1160,21,'91.87969347','25.16906322','2017-03-01 04:29:46'),(1161,20,'91.8395273719744','24.909875242018785','2017-03-01 04:29:56'),(1162,21,'91.87969477','25.16907224','2017-03-01 04:30:07'),(1163,20,'91.8395273719744','24.909875242018785','2017-03-01 04:30:16'),(1164,21,'91.8796948','25.16908595','2017-03-01 04:30:27'),(1165,20,'91.8395273719744','24.909875242018785','2017-03-01 04:30:36'),(1166,21,'91.87969469','25.16909849','2017-03-01 04:30:47'),(1167,20,'91.8395273719744','24.909875242018785','2017-03-01 04:30:56'),(1168,21,'91.87969804','25.16910215','2017-03-01 04:31:07'),(1169,20,'91.8395273719744','24.909875242018785','2017-03-01 04:31:16'),(1170,21,'91.87969891','25.16910716','2017-03-01 04:31:27'),(1171,20,'91.8395273719744','24.909875242018785','2017-03-01 04:31:36'),(1172,21,'91.8797069','25.16912493','2017-03-01 04:31:47'),(1173,20,'91.8395273719744','24.909875242018785','2017-03-01 04:31:56'),(1174,21,'91.87970859','25.16913489','2017-03-01 04:32:07'),(1175,20,'91.8395273719744','24.909875242018785','2017-03-01 04:32:16'),(1176,21,'91.87971127','25.16913822','2017-03-01 04:32:27'),(1177,20,'91.8395273719744','24.909875242018785','2017-03-01 04:32:36'),(1178,21,'91.87971127','25.16913822','2017-03-01 04:32:47'),(1179,20,'91.8395273719744','24.909875242018785','2017-03-01 04:32:56'),(1180,21,'91.87971127','25.16913822','2017-03-01 04:33:07'),(1181,20,'91.8395273719744','24.909875242018785','2017-03-01 04:33:16'),(1182,21,'91.87971127','25.16913822','2017-03-01 04:33:27'),(1183,20,'91.8395273719744','24.909875242018785','2017-03-01 04:33:36'),(1184,21,'91.87971127','25.16913822','2017-03-01 04:33:47'),(1185,20,'91.8395273719744','24.909875242018785','2017-03-01 04:33:56'),(1186,21,'91.87971127','25.16913822','2017-03-01 04:34:07'),(1187,20,'91.8395273719744','24.909875242018785','2017-03-01 04:34:16'),(1188,21,'91.87971127','25.16913822','2017-03-01 04:34:27'),(1189,20,'91.8395273719744','24.909875242018785','2017-03-01 04:34:36'),(1190,21,'91.87971127','25.16913822','2017-03-01 04:34:49'),(1191,20,'91.8395273719744','24.909875242018785','2017-03-01 04:34:56'),(1192,21,'91.87971127','25.16913822','2017-03-01 04:35:07'),(1193,20,'91.8395273719744','24.909875242018785','2017-03-01 04:35:16'),(1194,21,'91.87971127','25.16913822','2017-03-01 04:35:27'),(1195,20,'91.8395273719744','24.909875242018785','2017-03-01 04:35:36'),(1196,21,'91.87971127','25.16913822','2017-03-01 04:35:47'),(1197,20,'91.8395273719744','24.909875242018785','2017-03-01 04:35:56'),(1198,21,'91.87971127','25.16913822','2017-03-01 04:36:07'),(1199,20,'91.8395273719744','24.909875242018785','2017-03-01 04:36:16'),(1200,21,'91.87971127','25.16913822','2017-03-01 04:36:27'),(1201,20,'91.8395273719744','24.909875242018785','2017-03-01 04:36:36'),(1202,21,'91.87971127','25.16913822','2017-03-01 04:36:47'),(1203,20,'91.8395273719744','24.909875242018785','2017-03-01 04:36:56'),(1204,21,'91.87971028','25.16913384','2017-03-01 04:37:07'),(1205,20,'91.8395273719744','24.909875242018785','2017-03-01 04:37:16'),(1206,21,'91.87971024','25.16913358','2017-03-01 04:37:26'),(1207,20,'91.8395273719744','24.909875242018785','2017-03-01 04:37:36'),(1208,21,'91.87971025','25.16913354','2017-03-01 04:37:47'),(1209,20,'91.8395273719744','24.909875242018785','2017-03-01 04:37:56'),(1210,21,'91.87971049','25.16913352','2017-03-01 04:38:08'),(1211,20,'91.8395273719744','24.909875242018785','2017-03-01 04:38:16'),(1212,21,'91.87971064','25.16913313','2017-03-01 04:38:27'),(1213,20,'91.8395273719744','24.909875242018785','2017-03-01 04:38:36'),(1214,21,'91.87971062','25.16913311','2017-03-01 04:38:46'),(1215,20,'91.8395273719744','24.909875242018785','2017-03-01 04:38:56'),(1216,21,'91.87971059','25.16913292','2017-03-01 04:39:08'),(1217,20,'91.8395273719744','24.909875242018785','2017-03-01 04:39:16'),(1218,21,'91.87971058','25.16913288','2017-03-01 04:39:27'),(1219,20,'91.83952214981366','24.909955934594695','2017-03-01 04:39:36'),(1220,21,'91.87971058','25.16913286','2017-03-01 04:39:47'),(1221,20,'91.83952214981366','24.909955934594695','2017-03-01 04:39:56'),(1222,21,'91.87971059','25.16913283','2017-03-01 04:40:07'),(1223,20,'91.83952214981366','24.909955934594695','2017-03-01 04:40:16'),(1224,21,'91.87971105','25.16913264','2017-03-01 04:40:27'),(1225,20,'91.83952214981366','24.909955934594695','2017-03-01 04:40:36'),(1226,21,'91.87971143','25.16913268','2017-03-01 04:40:47'),(1227,20,'91.83952214981366','24.909955934594695','2017-03-01 04:40:56'),(1228,21,'91.87970854','25.16913145','2017-03-01 04:41:08'),(1229,20,'91.83952214981366','24.909955934594695','2017-03-01 04:41:16'),(1230,21,'91.87970854','25.16913144','2017-03-01 04:41:27'),(1231,20,'91.83952214981366','24.909955934594695','2017-03-01 04:41:36'),(1232,21,'91.87970854','25.16913144','2017-03-01 04:41:47'),(1233,20,'91.83952214981366','24.909955934594695','2017-03-01 04:41:56'),(1234,21,'91.87970854','25.16913133','2017-03-01 04:42:07'),(1235,20,'91.83952214981366','24.909955934594695','2017-03-01 04:42:16'),(1236,21,'91.87970857','25.16913131','2017-03-01 04:42:27'),(1237,20,'91.83952214981366','24.909955934594695','2017-03-01 04:42:36'),(1238,21,'91.87970861','25.16913128','2017-03-01 04:42:47'),(1239,20,'91.83952214981366','24.909955934594695','2017-03-01 04:42:56'),(1240,21,'91.87970863','25.16913125','2017-03-01 04:43:07'),(1241,20,'91.83941124692882','24.90984585950678','2017-03-01 04:43:16'),(1242,21,'91.87970782','25.16913087','2017-03-01 04:43:27'),(1243,20,'91.83941124692882','24.90984585950678','2017-03-01 04:43:36'),(1244,21,'91.87970692','25.16912734','2017-03-01 04:43:47'),(1245,20,'91.83941124692882','24.90984585950678','2017-03-01 04:43:56'),(1246,21,'91.87970349','25.16912574','2017-03-01 04:44:06'),(1247,20,'91.83941124692882','24.90984585950678','2017-03-01 04:44:16'),(1248,21,'91.87970604','25.16912329','2017-03-01 04:44:28'),(1249,20,'91.83941124692882','24.90984585950678','2017-03-01 04:44:36'),(1250,21,'91.87970618','25.16912057','2017-03-01 04:44:46'),(1251,20,'91.83941124692882','24.90984585950678','2017-03-01 04:44:56'),(1252,21,'91.87970581','25.16911877','2017-03-01 04:45:07'),(1253,20,'91.83941124692882','24.90984585950678','2017-03-01 04:45:16'),(1254,21,'91.87970601','25.16912108','2017-03-01 04:45:27'),(1255,20,'91.83941124692882','24.90984585950678','2017-03-01 04:45:36'),(1256,21,'91.87982305','25.16959345','2017-03-01 04:45:46'),(1257,20,'91.83941124692882','24.90984585950678','2017-03-01 04:45:56'),(1258,21,'91.87984306','25.16975252','2017-03-01 04:46:07'),(1259,20,'91.83941124692882','24.90984585950678','2017-03-01 04:46:16'),(1260,21,'91.88005666','25.16983116','2017-03-01 04:46:27'),(1261,20,'91.83941124692882','24.90984585950678','2017-03-01 04:46:36'),(1262,21,'91.88008794','25.17000522','2017-03-01 04:46:47'),(1263,20,'91.83941124692882','24.90984585950678','2017-03-01 04:46:56'),(1264,21,'91.88007858','25.17009638','2017-03-01 04:47:07'),(1265,20,'91.83941124692882','24.90984585950678','2017-03-01 04:47:16'),(1266,21,'91.88020786','25.17030662','2017-03-01 04:47:27'),(1267,20,'91.83941124692882','24.90984585950678','2017-03-01 04:47:36'),(1268,21,'91.88032338','25.17065934','2017-03-01 04:47:47'),(1269,20,'91.83941124692882','24.90984585950678','2017-03-01 04:47:56'),(1270,21,'91.88045155','25.17077803','2017-03-01 04:48:07'),(1271,20,'91.83941124692882','24.90984585950678','2017-03-01 04:48:16'),(1272,21,'91.88048196','25.17099685','2017-03-01 04:48:27'),(1273,20,'91.83953809442504','24.909852597018084','2017-03-01 04:48:36'),(1274,21,'91.88059145','25.17126685','2017-03-01 04:48:47'),(1275,20,'91.83953809442504','24.909852597018084','2017-03-01 04:48:56'),(1276,21,'91.88063035','25.17137834','2017-03-01 04:49:07'),(1277,20,'91.83953809442504','24.909852597018084','2017-03-01 04:49:16'),(1278,21,'91.88045835','25.17142316','2017-03-01 04:49:27'),(1279,20,'91.8394470362301','24.909805885623992','2017-03-01 04:49:36'),(1280,21,'91.88052523','25.17183136','2017-03-01 04:49:46'),(1281,20,'91.8394470362301','24.909805885623992','2017-03-01 04:49:56'),(1282,21,'91.88066145','25.17210897','2017-03-01 04:50:07'),(1283,20,'91.8394470362301','24.909805885623992','2017-03-01 04:50:16'),(1284,21,'91.88063916','25.17225946','2017-03-01 04:50:27'),(1285,20,'91.8394470362301','24.909805885623992','2017-03-01 04:50:36'),(1286,21,'91.88048189','25.17244402','2017-03-01 04:50:47'),(1287,20,'91.8394470362301','24.909805885623992','2017-03-01 04:50:57'),(1288,21,'91.88058465','25.17260273','2017-03-01 04:51:07'),(1289,20,'91.83961154977345','24.90983430074969','2017-03-01 04:51:16'),(1290,21,'91.88055297','25.17294203','2017-03-01 04:51:27'),(1291,20,'91.83961154977345','24.90983430074969','2017-03-01 04:51:36'),(1292,21,'91.88036287','25.17301986','2017-03-01 04:51:47'),(1293,20,'91.83961154977345','24.90983430074969','2017-03-01 04:51:56'),(1294,21,'91.88017624','25.17321119','2017-03-01 04:52:07'),(1295,20,'91.83961154977345','24.90983430074969','2017-03-01 04:52:16'),(1296,21,'91.88004911','25.17330972','2017-03-01 04:52:27'),(1297,20,'91.83961154977345','24.90983430074969','2017-03-01 04:52:36'),(1298,21,'91.87977702','25.1734542','2017-03-01 04:52:47'),(1299,20,'91.83961154977345','24.90983430074969','2017-03-01 04:52:56'),(1300,21,'91.87950436','25.17346783','2017-03-01 04:53:07'),(1301,20,'91.83961154977345','24.90983430074969','2017-03-01 04:53:16'),(1302,21,'91.87955409','25.1734245','2017-03-01 04:53:27'),(1303,20,'91.83961154977345','24.90983430074969','2017-03-01 04:53:36'),(1304,21,'91.87945518','25.17341981','2017-03-01 04:53:47'),(1305,20,'91.83961154977345','24.90983430074969','2017-03-01 04:53:56'),(1306,21,'91.87950303','25.17340066','2017-03-01 04:54:07'),(1307,20,'91.83961154977345','24.90983430074969','2017-03-01 04:54:16'),(1308,21,'91.87949258','25.17348658','2017-03-01 04:54:27'),(1309,20,'91.83961154977345','24.90983430074969','2017-03-01 04:54:36'),(1310,21,'91.87948612','25.17349094','2017-03-01 04:54:47'),(1311,20,'91.83961154977345','24.90983430074969','2017-03-01 04:54:57'),(1312,21,'91.87949117','25.17347293','2017-03-01 04:55:10'),(1313,20,'91.83961154977345','24.90983430074969','2017-03-01 04:55:27'),(1314,21,'91.87950262','25.17346471','2017-03-01 04:55:33'),(1315,20,'91.83945911438192','24.909889262671275','2017-03-01 04:55:46'),(1316,21,'91.87950572','25.17347084','2017-03-01 04:55:53'),(1317,20,'91.83934854523876','24.90986123945857','2017-03-01 04:56:06'),(1318,21,'91.87950172','25.17347846','2017-03-01 04:56:15'),(1319,20,'91.83924038254129','24.90988278653821','2017-03-01 04:56:26'),(1320,21,'91.87950159','25.17348207','2017-03-01 04:56:33'),(1321,20,'91.83924038254129','24.90988278653821','2017-03-01 04:56:46'),(1322,21,'91.87950182','25.17348822','2017-03-01 04:56:53'),(1323,20,'91.83924038254129','24.90988278653821','2017-03-01 04:57:06'),(1324,21,'91.87950027','25.17348374','2017-03-01 04:57:13'),(1325,20,'91.83924038254129','24.90988278653821','2017-03-01 04:57:26'),(1326,21,'91.87952144','25.17347325','2017-03-01 04:57:33'),(1327,20,'91.83924038254129','24.90988278653821','2017-03-01 04:57:46'),(1328,21,'91.88017609','25.17317927','2017-03-01 04:57:53'),(1329,20,'91.83924038254129','24.90988278653821','2017-03-01 04:58:06'),(1330,21,'91.8804873','25.17305538','2017-03-01 04:58:13'),(1331,20,'91.8394182421884','24.90992983425877','2017-03-01 04:58:26'),(1332,21,'91.88064894','25.1730489','2017-03-01 04:58:33'),(1333,20,'91.8394182421884','24.90992983425877','2017-03-01 04:58:46'),(1334,21,'91.8806422','25.17304573','2017-03-01 04:58:53'),(1335,20,'91.8394182421884','24.90992983425877','2017-03-01 04:59:07'),(1336,21,'91.88064209','25.1730456','2017-03-01 04:59:13'),(1337,20,'91.8394182421884','24.90992983425877','2017-03-01 04:59:27'),(1338,21,'91.88064424','25.17302867','2017-03-01 04:59:39'),(1339,20,'91.8394182421884','24.90992983425877','2017-03-01 04:59:47'),(1340,21,'91.88064399','25.17301746','2017-03-01 05:00:02'),(1341,20,'91.8394182421884','24.90992983425877','2017-03-01 05:00:07'),(1342,21,'91.88063267','25.17301649','2017-03-01 05:00:18'),(1343,20,'91.8394182421884','24.90992983425877','2017-03-01 05:00:27'),(1344,21,'91.88063686','25.17302917','2017-03-01 05:00:38'),(1345,20,'91.8394182421884','24.90992983425877','2017-03-01 05:00:47'),(1346,21,'91.88063238','25.17303547','2017-03-01 05:00:58'),(1347,20,'91.8394182421884','24.90992983425877','2017-03-01 05:01:07'),(1348,21,'91.88061824','25.17302689','2017-03-01 05:01:18'),(1349,20,'91.8394182421884','24.90992983425877','2017-03-01 05:01:27'),(1350,21,'91.88061119','25.17302475','2017-03-01 05:01:38'),(1351,20,'91.8394182421884','24.90992983425877','2017-03-01 05:01:47'),(1352,21,'91.88061792','25.17302168','2017-03-01 05:01:58'),(1353,20,'91.8394182421884','24.90992983425877','2017-03-01 05:02:07'),(1354,21,'91.88061948','25.1730206','2017-03-01 05:02:20'),(1355,20,'91.8394182421884','24.90992983425877','2017-03-01 05:02:27'),(1356,21,'91.88062293','25.17302029','2017-03-01 05:02:38'),(1357,20,'91.8394182421884','24.90992983425877','2017-03-01 05:02:47'),(1358,21,'91.88062994','25.1730232','2017-03-01 05:02:58'),(1359,20,'91.8394182421884','24.90992983425877','2017-03-01 05:03:07'),(1360,21,'91.88064146','25.17301865','2017-03-01 05:03:18'),(1361,20,'91.8394182421884','24.90992983425877','2017-03-01 05:03:27'),(1362,21,'91.8806403','25.17301642','2017-03-01 05:03:38'),(1363,20,'91.8394182421884','24.90992983425877','2017-03-01 05:03:47'),(1364,21,'91.88064067','25.17301268','2017-03-01 05:03:59'),(1365,20,'91.8394182421884','24.90992983425877','2017-03-01 05:04:07'),(1366,21,'91.88064094','25.17301195','2017-03-01 05:04:18'),(1367,20,'91.8394182421884','24.90992983425877','2017-03-01 05:04:27'),(1368,21,'91.8806418','25.17301347','2017-03-01 05:04:38'),(1369,20,'91.8394182421884','24.90992983425877','2017-03-01 05:04:47'),(1370,21,'91.88064419','25.17301489','2017-03-01 05:04:59'),(1371,20,'91.8394182421884','24.90992983425877','2017-03-01 05:05:07'),(1372,21,'91.88064727','25.1730192','2017-03-01 05:05:19'),(1373,20,'91.8394182421884','24.90992983425877','2017-03-01 05:05:27'),(1374,21,'91.88064955','25.17302245','2017-03-01 05:05:38'),(1375,20,'91.8394182421884','24.90992983425877','2017-03-01 05:05:47'),(1376,21,'91.88065346','25.17302548','2017-03-01 05:05:58'),(1377,20,'91.8394182421884','24.90992983425877','2017-03-01 05:06:12'),(1378,21,'91.88065785','25.17303103','2017-03-01 05:06:18'),(1379,20,'91.8394182421884','24.90992983425877','2017-03-01 05:06:32'),(1380,21,'91.88066006','25.17303215','2017-03-01 05:06:38'),(1381,20,'91.8394182421884','24.90992983425877','2017-03-01 05:06:52'),(1382,21,'91.8806617','25.17303418','2017-03-01 05:06:59'),(1383,20,'91.8394182421884','24.90992983425877','2017-03-01 05:07:12'),(1384,21,'91.88068543','25.17303434','2017-03-01 05:07:18'),(1385,20,'91.8394182421884','24.90992983425877','2017-03-01 05:07:32'),(1386,21,'91.88061015','25.17286768','2017-03-01 05:07:39'),(1387,20,'91.8394182421884','24.90992983425877','2017-03-01 05:07:52'),(1388,21,'91.88071349','25.17271068','2017-03-01 05:07:59'),(1389,20,'91.8394182421884','24.90992983425877','2017-03-01 05:08:12'),(1390,21,'91.88068852','25.17243793','2017-03-01 05:08:19'),(1391,20,'91.8394182421884','24.90992983425877','2017-03-01 05:08:32'),(1392,21,'91.88066021','25.17232805','2017-03-01 05:08:39'),(1393,20,'91.8394182421884','24.90992983425877','2017-03-01 05:08:52'),(1394,21,'91.88055033','25.17204135','2017-03-01 05:08:59'),(1395,20,'91.8394182421884','24.90992983425877','2017-03-01 05:09:12'),(1396,21,'91.88052095','25.17200141','2017-03-01 05:09:19'),(1397,20,'91.83951306473378','24.909896906402743','2017-03-01 05:09:32'),(1398,21,'91.88054862','25.17200158','2017-03-01 05:09:39'),(1399,20,'91.83951306473378','24.909896906402743','2017-03-01 05:09:52'),(1400,21,'91.88066417','25.17184864','2017-03-01 05:09:59'),(1401,20,'91.83951306473378','24.909896906402743','2017-03-01 05:10:12'),(1402,21,'91.88055648','25.17157327','2017-03-01 05:10:19'),(1403,20,'91.8394307789069','24.909826306638944','2017-03-01 05:10:32'),(1404,21,'91.88062776','25.17137071','2017-03-01 05:10:39'),(1405,20,'91.8394307789069','24.909826306638944','2017-03-01 05:10:52'),(1406,21,'91.88062312','25.17117004','2017-03-01 05:10:59'),(1407,20,'91.8394307789069','24.909826306638944','2017-03-01 05:11:12'),(1408,21,'91.88052458','25.17094333','2017-03-01 05:11:19'),(1409,20,'91.8394307789069','24.909826306638944','2017-03-01 05:11:32'),(1410,21,'91.88052463','25.17072171','2017-03-01 05:11:39'),(1411,20,'91.8394307789069','24.909826306638944','2017-03-01 05:11:52'),(1412,21,'91.88040204','25.170656','2017-03-01 05:11:59'),(1413,20,'91.8394307789069','24.909826306638944','2017-03-01 05:12:12'),(1414,21,'91.88031873','25.17039344','2017-03-01 05:12:19'),(1415,20,'91.8394307789069','24.909826306638944','2017-03-01 05:12:32'),(1416,21,'91.88029719','25.17024723','2017-03-01 05:12:39'),(1417,20,'91.8394307789069','24.909826306638944','2017-03-01 05:12:52'),(1418,21,'91.88025033','25.17022699','2017-03-01 05:12:59'),(1419,20,'91.8394307789069','24.909826306638944','2017-03-01 05:13:12'),(1420,21,'91.88016489','25.17018212','2017-03-01 05:13:19'),(1421,20,'91.8394307789069','24.909826306638944','2017-03-01 05:13:32'),(1422,21,'91.88003011','25.16994183','2017-03-01 05:13:39'),(1423,20,'91.8394307789069','24.909826306638944','2017-03-01 05:13:52'),(1424,21,'91.87990821','25.16979006','2017-03-01 05:13:59'),(1425,20,'91.8394307789069','24.909826306638944','2017-03-01 05:14:12'),(1426,21,'91.87981534','25.16965146','2017-03-01 05:14:19'),(1427,20,'91.8394307789069','24.909826306638944','2017-03-01 05:14:32'),(1428,21,'91.87977465','25.16944475','2017-03-01 05:14:39'),(1429,20,'91.8394307789069','24.909826306638944','2017-03-01 05:14:52'),(1430,21,'91.87977256','25.1692405','2017-03-01 05:14:59'),(1431,20,'91.8394307789069','24.909826306638944','2017-03-01 05:15:12'),(1432,21,'91.87963625','25.16914826','2017-03-01 05:15:19'),(1433,20,'91.8394307789069','24.909826306638944','2017-03-01 05:15:32'),(1434,21,'91.87966836','25.1690593','2017-03-01 05:15:39'),(1435,20,'91.8394307789069','24.909826306638944','2017-03-01 05:15:52'),(1436,21,'91.87982081','25.16899915','2017-03-01 05:15:59'),(1437,20,'91.8394307789069','24.909826306638944','2017-03-01 05:16:12'),(1438,21,'91.87980302','25.16902629','2017-03-01 05:16:19'),(1439,20,'91.8394307789069','24.909826306638944','2017-03-01 05:16:32'),(1440,21,'91.87981387','25.16896916','2017-03-01 05:16:39'),(1441,20,'91.8394307789069','24.909826306638944','2017-03-01 05:16:52'),(1442,21,'91.87971077','25.16888977','2017-03-01 05:16:59'),(1443,20,'91.8394307789069','24.909826306638944','2017-03-01 05:17:12'),(1444,20,'91.8394307789069','24.909826306638944','2017-03-01 05:17:32'),(1445,20,'91.8394307789069','24.909826306638944','2017-03-01 05:17:52'),(1446,20,'91.8394307789069','24.909826306638944','2017-03-01 05:18:12'),(1447,21,'0.0','0.0','2017-03-01 05:18:27'),(1448,20,'91.8394307789069','24.909826306638944','2017-03-01 05:18:32'),(1449,21,'91.87955864','25.16891176','2017-03-01 05:18:47'),(1450,20,'91.8394307789069','24.909826306638944','2017-03-01 05:18:52'),(1451,21,'91.8795838','25.16889905','2017-03-01 05:19:07'),(1452,20,'91.8394307789069','24.909826306638944','2017-03-01 05:19:12'),(1453,21,'91.87960895','25.16876645','2017-03-01 05:19:27'),(1454,20,'91.8395275529156','24.90983524467442','2017-03-01 05:19:32'),(1455,21,'91.87973042','25.16885886','2017-03-01 05:19:47'),(1456,20,'91.8395275529156','24.90983524467442','2017-03-01 05:19:52'),(1457,21,'91.87971701','25.16883399','2017-03-01 05:20:07'),(1458,20,'91.83921039593787','24.909757504382398','2017-03-01 05:20:12'),(1459,21,'91.87973982','25.16883209','2017-03-01 05:20:27'),(1460,20,'91.8391838548732','24.909761483820866','2017-03-01 05:20:32'),(1461,21,'91.87974432','25.16883371','2017-03-01 05:20:47'),(1462,20,'91.8391838548732','24.909761483820866','2017-03-01 05:20:52'),(1463,21,'91.8797674','25.16884866','2017-03-01 05:21:09'),(1464,20,'91.83941789859689','24.90971867670663','2017-03-01 05:21:12'),(1465,21,'91.87976685','25.16884873','2017-03-01 05:21:29'),(1466,20,'91.83958665815214','24.910104902617952','2017-03-01 05:21:32'),(1467,21,'91.87974296','25.16885178','2017-03-01 05:21:49'),(1468,20,'91.8397420822725','24.910558488263923','2017-03-01 05:21:52'),(1469,21,'91.8797437','25.16885449','2017-03-01 05:22:08'),(1470,20,'91.83978080545893','24.911068051563372','2017-03-01 05:22:12'),(1471,21,'91.879744','25.16885432','2017-03-01 05:22:28'),(1472,20,'91.83931649982877','24.911573574369907','2017-03-01 05:22:32'),(1473,21,'91.879744','25.16885509','2017-03-01 05:22:51'),(1474,20,'91.83933569272271','24.91106795930452','2017-03-01 05:22:52'),(1475,20,'91.8395142054972','24.909938871304337','2017-03-01 05:23:12'),(1476,21,'91.87974212','25.16886856','2017-03-01 05:23:15'),(1477,20,'91.8395142054972','24.909938871304337','2017-03-01 05:23:32'),(1478,21,'91.87974246','25.16887607','2017-03-01 05:23:34'),(1479,20,'91.8395142054972','24.909938871304337','2017-03-01 05:23:52'),(1480,21,'91.87975238','25.16887774','2017-03-01 05:23:55'),(1481,20,'91.8395142054972','24.909938871304337','2017-03-01 05:24:12'),(1482,21,'91.87974318','25.16888989','2017-03-01 05:24:17'),(1483,20,'91.8395142054972','24.909938871304337','2017-03-01 05:24:32'),(1484,21,'91.8797432','25.16889','2017-03-01 05:24:35'),(1485,20,'91.8395142054972','24.909938871304337','2017-03-01 05:24:52'),(1486,21,'91.87974247','25.16889452','2017-03-01 05:24:55'),(1487,20,'91.8395142054972','24.909938871304337','2017-03-01 05:25:12'),(1488,21,'91.87973666','25.16887944','2017-03-01 05:25:14'),(1489,20,'91.8395142054972','24.909938871304337','2017-03-01 05:25:32'),(1490,21,'91.87973496','25.16888263','2017-03-01 05:25:36'),(1491,20,'91.8395142054972','24.909938871304337','2017-03-01 05:25:52'),(1492,21,'91.87974097','25.16889479','2017-03-01 05:25:55'),(1493,20,'91.8395142054972','24.909938871304337','2017-03-01 05:26:12'),(1494,21,'91.87974035','25.16889737','2017-03-01 05:26:15'),(1495,20,'91.83944257238139','24.909784345122947','2017-03-01 05:26:32'),(1496,21,'91.87974246','25.16889702','2017-03-01 05:26:35'),(1497,20,'91.83944257238139','24.909784345122947','2017-03-01 05:26:52'),(1498,21,'91.87973756','25.16889922','2017-03-01 05:26:55'),(1499,20,'91.83944257238139','24.909784345122947','2017-03-01 05:27:12'),(1500,21,'91.87973677','25.16890393','2017-03-01 05:27:15'),(1501,20,'91.83944257238139','24.909784345122947','2017-03-01 05:27:32'),(1502,20,'91.83944257238139','24.909784345122947','2017-03-01 05:27:52'),(1503,20,'91.83944257238139','24.909784345122947','2017-03-01 05:28:12'),(1504,20,'91.83944257238139','24.909784345122947','2017-03-01 05:28:32'),(1505,20,'91.83944257238139','24.909784345122947','2017-03-01 05:28:52'),(1506,20,'91.83944257238139','24.909784345122947','2017-03-01 05:29:12'),(1507,20,'91.83944257238139','24.909784345122947','2017-03-01 05:29:32'),(1508,20,'91.83944257238139','24.909784345122947','2017-03-01 05:29:52'),(1509,20,'91.83944257238139','24.909784345122947','2017-03-01 05:30:12'),(1510,20,'91.83944257238139','24.909784345122947','2017-03-01 05:30:32'),(1511,20,'91.83944257238139','24.909784345122947','2017-03-01 05:30:52'),(1512,20,'91.83944257238139','24.909784345122947','2017-03-01 05:31:12'),(1513,20,'91.83944257238139','24.909784345122947','2017-03-01 05:31:32'),(1514,20,'91.83944257238139','24.909784345122947','2017-03-01 05:31:52'),(1515,20,'91.83944257238139','24.909784345122947','2017-03-01 05:32:12'),(1516,20,'91.83944257238139','24.909784345122947','2017-03-01 05:32:32'),(1517,20,'91.83944257238139','24.909784345122947','2017-03-01 05:32:52'),(1518,20,'91.83944257238139','24.909784345122947','2017-03-01 05:33:12'),(1519,20,'91.83944257238139','24.909784345122947','2017-03-01 05:33:33'),(1520,20,'91.83944257238139','24.909784345122947','2017-03-01 05:33:53'),(1521,20,'91.83944257238139','24.909784345122947','2017-03-01 05:34:13'),(1522,20,'91.83944257238139','24.909784345122947','2017-03-01 05:34:33'),(1523,20,'91.83944257238139','24.909784345122947','2017-03-01 05:34:53'),(1524,20,'91.83944257238139','24.909784345122947','2017-03-01 05:35:13'),(1525,20,'91.83944257238139','24.909784345122947','2017-03-01 05:35:33'),(1526,20,'91.83944257238139','24.909784345122947','2017-03-01 05:35:53'),(1527,20,'91.83944257238139','24.909784345122947','2017-03-01 05:36:13'),(1528,20,'91.83944257238139','24.909784345122947','2017-03-01 05:36:33'),(1529,20,'91.83944257238139','24.909784345122947','2017-03-01 05:36:53'),(1530,20,'91.83944257238139','24.909784345122947','2017-03-01 05:37:13'),(1531,20,'91.83944257238139','24.909784345122947','2017-03-01 05:37:33'),(1532,20,'91.83944257238139','24.909784345122947','2017-03-01 05:37:53'),(1533,20,'91.83944257238139','24.909784345122947','2017-03-01 05:38:13'),(1534,20,'91.83944257238139','24.909784345122947','2017-03-01 05:38:33'),(1535,20,'91.83944257238139','24.909784345122947','2017-03-01 05:38:53'),(1536,20,'91.83944257238139','24.909784345122947','2017-03-01 05:39:13'),(1537,20,'91.83944257238139','24.909784345122947','2017-03-01 05:39:33'),(1538,20,'91.83944257238139','24.909784345122947','2017-03-01 05:39:53'),(1539,20,'91.83944257238139','24.909784345122947','2017-03-01 05:40:13'),(1540,20,'91.83944257238139','24.909784345122947','2017-03-01 05:40:33'),(1541,20,'91.83944257238139','24.909784345122947','2017-03-01 05:40:53'),(1542,20,'91.83944257238139','24.909784345122947','2017-03-01 05:41:13'),(1543,20,'91.83944257238139','24.909784345122947','2017-03-01 05:41:33'),(1544,20,'91.83944257238139','24.909784345122947','2017-03-01 05:41:53'),(1545,20,'91.83944257238139','24.909784345122947','2017-03-01 05:42:13'),(1546,20,'91.83944257238139','24.909784345122947','2017-03-01 05:42:33'),(1547,20,'91.83944257238139','24.909784345122947','2017-03-01 05:42:53'),(1548,20,'91.83944257238139','24.909784345122947','2017-03-01 05:43:13'),(1549,20,'91.83944257238139','24.909784345122947','2017-03-01 05:43:33'),(1550,20,'91.83944257238139','24.909784345122947','2017-03-01 05:43:53'),(1551,20,'91.83944257238139','24.909784345122947','2017-03-01 05:44:13'),(1552,20,'91.83944257238139','24.909784345122947','2017-03-01 05:44:33'),(1553,20,'91.83944257238139','24.909784345122947','2017-03-01 05:44:53'),(1554,20,'91.83944257238139','24.909784345122947','2017-03-01 05:45:13'),(1555,20,'91.83944257238139','24.909784345122947','2017-03-01 05:45:33'),(1556,20,'91.83944257238139','24.909784345122947','2017-03-01 05:45:53'),(1557,20,'91.83944257238139','24.909784345122947','2017-03-01 05:46:13'),(1558,20,'91.83944257238139','24.909784345122947','2017-03-01 05:46:33'),(1559,20,'91.83944257238139','24.909784345122947','2017-03-01 05:46:53'),(1560,20,'91.83944257238139','24.909784345122947','2017-03-01 05:47:13'),(1561,20,'91.83944257238139','24.909784345122947','2017-03-01 05:47:33'),(1562,20,'91.83944257238139','24.909784345122947','2017-03-01 05:47:53'),(1563,20,'91.83944257238139','24.909784345122947','2017-03-01 05:48:13'),(1564,20,'91.83944257238139','24.909784345122947','2017-03-01 05:48:33'),(1565,20,'91.83944257238139','24.909784345122947','2017-03-01 05:48:53'),(1566,20,'91.83944257238139','24.909784345122947','2017-03-01 05:49:13'),(1567,20,'91.83944257238139','24.909784345122947','2017-03-01 05:49:33'),(1568,20,'91.83944257238139','24.909784345122947','2017-03-01 05:49:53'),(1569,20,'91.83944257238139','24.909784345122947','2017-03-01 05:50:13'),(1570,20,'91.83944257238139','24.909784345122947','2017-03-01 05:50:33'),(1571,20,'91.83944257238139','24.909784345122947','2017-03-01 05:50:53'),(1572,20,'91.83944257238139','24.909784345122947','2017-03-01 05:51:13'),(1573,20,'91.83944257238139','24.909784345122947','2017-03-01 05:51:33'),(1574,20,'91.83944257238139','24.909784345122947','2017-03-01 05:51:53'),(1575,20,'91.83944257238139','24.909784345122947','2017-03-01 05:52:13'),(1576,20,'91.83944257238139','24.909784345122947','2017-03-01 05:52:33'),(1577,20,'91.83944257238139','24.909784345122947','2017-03-01 05:52:53'),(1578,20,'91.83944257238139','24.909784345122947','2017-03-01 05:53:13'),(1579,20,'91.83944257238139','24.909784345122947','2017-03-01 05:53:33'),(1580,20,'91.83944257238139','24.909784345122947','2017-03-01 05:53:53'),(1581,20,'91.83944257238139','24.909784345122947','2017-03-01 05:54:13'),(1582,20,'91.83944257238139','24.909784345122947','2017-03-01 05:54:33'),(1583,20,'91.83944257238139','24.909784345122947','2017-03-01 05:54:53'),(1584,20,'91.83944257238139','24.909784345122947','2017-03-01 05:55:13'),(1585,20,'91.83944257238139','24.909784345122947','2017-03-01 05:55:33'),(1586,20,'91.83944257238139','24.909784345122947','2017-03-01 05:55:53'),(1587,20,'91.83944257238139','24.909784345122947','2017-03-01 05:56:13'),(1588,20,'91.83944257238139','24.909784345122947','2017-03-01 05:56:33'),(1589,20,'91.83944257238139','24.909784345122947','2017-03-01 05:56:53'),(1590,20,'91.83944257238139','24.909784345122947','2017-03-01 05:57:13'),(1591,20,'91.83944257238139','24.909784345122947','2017-03-01 05:57:33'),(1592,20,'91.83944257238139','24.909784345122947','2017-03-01 05:57:53'),(1593,20,'91.83944257238139','24.909784345122947','2017-03-01 05:58:13'),(1594,20,'91.83944257238139','24.909784345122947','2017-03-01 05:58:33'),(1595,20,'91.83944257238139','24.909784345122947','2017-03-01 05:58:53'),(1596,20,'91.83944257238139','24.909784345122947','2017-03-01 05:59:13'),(1597,20,'91.83944257238139','24.909784345122947','2017-03-01 05:59:33'),(1598,20,'91.83944257238139','24.909784345122947','2017-03-01 05:59:53'),(1599,20,'91.83944257238139','24.909784345122947','2017-03-01 06:00:13'),(1600,20,'91.83944257238139','24.909784345122947','2017-03-01 06:00:33'),(1601,20,'91.83944257238139','24.909784345122947','2017-03-01 06:00:53'),(1602,20,'91.83944257238139','24.909784345122947','2017-03-01 06:01:13'),(1603,20,'91.83944257238139','24.909784345122947','2017-03-01 06:01:33'),(1604,20,'91.83944257238139','24.909784345122947','2017-03-01 06:01:53'),(1605,20,'91.83944257238139','24.909784345122947','2017-03-01 06:02:13'),(1606,20,'91.83944257238139','24.909784345122947','2017-03-01 06:02:33'),(1607,20,'91.83944257238139','24.909784345122947','2017-03-01 06:02:53'),(1608,20,'91.83944257238139','24.909784345122947','2017-03-01 06:03:13'),(1609,20,'91.83944257238139','24.909784345122947','2017-03-01 06:03:33'),(1610,20,'91.83944257238139','24.909784345122947','2017-03-01 06:03:53'),(1611,20,'91.83944257238139','24.909784345122947','2017-03-01 06:04:13'),(1612,20,'91.83944257238139','24.909784345122947','2017-03-01 06:04:33'),(1613,20,'91.83944257238139','24.909784345122947','2017-03-01 06:04:53'),(1614,20,'91.83944257238139','24.909784345122947','2017-03-01 06:05:13'),(1615,20,'91.83944257238139','24.909784345122947','2017-03-01 06:05:33'),(1616,20,'91.83944257238139','24.909784345122947','2017-03-01 06:05:53'),(1617,20,'91.83944257238139','24.909784345122947','2017-03-01 06:06:13'),(1618,20,'91.83944257238139','24.909784345122947','2017-03-01 06:06:33'),(1619,20,'91.83944257238139','24.909784345122947','2017-03-01 06:06:53'),(1620,20,'91.83944257238139','24.909784345122947','2017-03-01 06:07:13'),(1621,20,'91.83944257238139','24.909784345122947','2017-03-01 06:07:34'),(1622,20,'91.83944257238139','24.909784345122947','2017-03-01 06:07:54'),(1623,20,'91.83944257238139','24.909784345122947','2017-03-01 06:08:14'),(1624,20,'91.83944257238139','24.909784345122947','2017-03-01 06:08:34'),(1625,20,'91.83944257238139','24.909784345122947','2017-03-01 06:08:54'),(1626,20,'91.83944257238139','24.909784345122947','2017-03-01 06:09:14'),(1627,20,'91.83944257238139','24.909784345122947','2017-03-01 06:09:34'),(1628,20,'91.83944257238139','24.909784345122947','2017-03-01 06:09:54'),(1629,20,'91.83944257238139','24.909784345122947','2017-03-01 06:10:14'),(1630,20,'91.83944257238139','24.909784345122947','2017-03-01 06:10:34'),(1631,20,'91.83944257238139','24.909784345122947','2017-03-01 06:10:54'),(1632,20,'91.83944257238139','24.909784345122947','2017-03-01 06:11:14'),(1633,20,'91.83944257238139','24.909784345122947','2017-03-01 06:11:34'),(1634,20,'91.83944257238139','24.909784345122947','2017-03-01 06:11:54'),(1635,20,'91.83944257238139','24.909784345122947','2017-03-01 06:12:14'),(1636,20,'91.83944257238139','24.909784345122947','2017-03-01 06:12:34'),(1637,20,'91.83944257238139','24.909784345122947','2017-03-01 06:12:54'),(1638,20,'91.83944257238139','24.909784345122947','2017-03-01 06:13:14'),(1639,20,'91.83944257238139','24.909784345122947','2017-03-01 06:13:34'),(1640,20,'91.83944257238139','24.909784345122947','2017-03-01 06:13:54'),(1641,20,'91.83944257238139','24.909784345122947','2017-03-01 06:14:14'),(1642,20,'91.83944257238139','24.909784345122947','2017-03-01 06:14:34'),(1643,20,'91.83944257238139','24.909784345122947','2017-03-01 06:14:54'),(1644,20,'91.83944257238139','24.909784345122947','2017-03-01 06:15:14'),(1645,20,'91.83944257238139','24.909784345122947','2017-03-01 06:15:34'),(1646,20,'91.83944257238139','24.909784345122947','2017-03-01 06:15:54'),(1647,20,'91.83944257238139','24.909784345122947','2017-03-01 06:16:14'),(1648,20,'91.83944257238139','24.909784345122947','2017-03-01 06:16:34'),(1649,20,'91.83944257238139','24.909784345122947','2017-03-01 06:16:54'),(1650,20,'91.83944257238139','24.909784345122947','2017-03-01 06:17:14'),(1651,20,'91.83944257238139','24.909784345122947','2017-03-01 06:17:34'),(1652,20,'91.83944257238139','24.909784345122947','2017-03-01 06:17:54'),(1653,20,'91.83944257238139','24.909784345122947','2017-03-01 06:18:14'),(1654,20,'91.83944257238139','24.909784345122947','2017-03-01 06:18:34'),(1655,20,'91.83944257238139','24.909784345122947','2017-03-01 06:18:54'),(1656,20,'91.83944257238139','24.909784345122947','2017-03-01 06:19:14'),(1657,20,'91.83944257238139','24.909784345122947','2017-03-01 06:19:34'),(1658,20,'91.83944257238139','24.909784345122947','2017-03-01 06:19:54'),(1659,20,'91.83944257238139','24.909784345122947','2017-03-01 06:20:14'),(1660,20,'91.83944257238139','24.909784345122947','2017-03-01 06:20:34'),(1661,20,'91.83944257238139','24.909784345122947','2017-03-01 06:20:54'),(1662,20,'91.83944257238139','24.909784345122947','2017-03-01 06:21:14'),(1663,20,'91.83944257238139','24.909784345122947','2017-03-01 06:21:34'),(1664,20,'91.83944257238139','24.909784345122947','2017-03-01 06:21:54'),(1665,20,'91.83944257238139','24.909784345122947','2017-03-01 06:22:14'),(1666,20,'91.83944257238139','24.909784345122947','2017-03-01 06:22:34'),(1667,20,'91.83944257238139','24.909784345122947','2017-03-01 06:22:54'),(1668,20,'91.83944257238139','24.909784345122947','2017-03-01 06:23:14'),(1669,20,'91.83944257238139','24.909784345122947','2017-03-01 06:23:34'),(1670,20,'91.83944257238139','24.909784345122947','2017-03-01 06:23:54'),(1671,20,'91.83944257238139','24.909784345122947','2017-03-01 06:24:14'),(1672,20,'91.83944257238139','24.909784345122947','2017-03-01 06:24:34'),(1673,20,'91.83944257238139','24.909784345122947','2017-03-01 06:24:54'),(1674,20,'91.83944257238139','24.909784345122947','2017-03-01 06:25:14'),(1675,20,'91.83944257238139','24.909784345122947','2017-03-01 06:25:34'),(1676,20,'91.83944257238139','24.909784345122947','2017-03-01 06:25:54'),(1677,20,'91.83944257238139','24.909784345122947','2017-03-01 06:26:14'),(1678,20,'91.83944257238139','24.909784345122947','2017-03-01 06:26:34'),(1679,20,'91.83944257238139','24.909784345122947','2017-03-01 06:26:54'),(1680,20,'91.83944257238139','24.909784345122947','2017-03-01 06:27:14'),(1681,20,'91.83944257238139','24.909784345122947','2017-03-01 06:27:34'),(1682,20,'91.83944257238139','24.909784345122947','2017-03-01 06:27:54'),(1683,20,'91.83944257238139','24.909784345122947','2017-03-01 06:28:14'),(1684,20,'91.83944257238139','24.909784345122947','2017-03-01 06:28:34'),(1685,20,'91.83944257238139','24.909784345122947','2017-03-01 06:28:54'),(1686,20,'91.83944257238139','24.909784345122947','2017-03-01 06:29:14'),(1687,20,'91.83944257238139','24.909784345122947','2017-03-01 06:29:34'),(1688,20,'91.83944257238139','24.909784345122947','2017-03-01 06:29:54'),(1689,20,'91.83944257238139','24.909784345122947','2017-03-01 06:30:14'),(1690,20,'91.83944257238139','24.909784345122947','2017-03-01 06:30:34'),(1691,20,'91.83944257238139','24.909784345122947','2017-03-01 06:30:54'),(1692,20,'91.83944257238139','24.909784345122947','2017-03-01 06:31:14'),(1693,20,'91.83944257238139','24.909784345122947','2017-03-01 06:31:34'),(1694,20,'91.83944257238139','24.909784345122947','2017-03-01 06:31:54'),(1695,20,'91.83944257238139','24.909784345122947','2017-03-01 06:32:14'),(1696,20,'91.83944257238139','24.909784345122947','2017-03-01 06:32:34'),(1697,20,'91.83944257238139','24.909784345122947','2017-03-01 06:32:54'),(1698,20,'91.83944257238139','24.909784345122947','2017-03-01 06:33:14'),(1699,20,'91.83944257238139','24.909784345122947','2017-03-01 06:33:34'),(1700,20,'91.83944257238139','24.909784345122947','2017-03-01 06:33:54'),(1701,20,'91.83944257238139','24.909784345122947','2017-03-01 06:34:14'),(1702,20,'91.83944257238139','24.909784345122947','2017-03-01 06:34:34'),(1703,20,'91.83944257238139','24.909784345122947','2017-03-01 06:34:54'),(1704,20,'91.83944257238139','24.909784345122947','2017-03-01 06:35:14'),(1705,20,'91.83944257238139','24.909784345122947','2017-03-01 06:35:34'),(1706,20,'91.83944257238139','24.909784345122947','2017-03-01 06:35:54'),(1707,20,'91.83944257238139','24.909784345122947','2017-03-01 06:36:14'),(1708,20,'91.83944257238139','24.909784345122947','2017-03-01 06:36:34'),(1709,20,'91.83944257238139','24.909784345122947','2017-03-01 06:36:54'),(1710,20,'91.83944257238139','24.909784345122947','2017-03-01 06:37:14'),(1711,20,'91.83944257238139','24.909784345122947','2017-03-01 06:37:34'),(1712,20,'91.83944257238139','24.909784345122947','2017-03-01 06:37:54'),(1713,20,'91.83944257238139','24.909784345122947','2017-03-01 06:38:14'),(1714,20,'91.83944257238139','24.909784345122947','2017-03-01 06:38:34'),(1715,20,'91.83944257238139','24.909784345122947','2017-03-01 06:38:54'),(1716,20,'91.83944257238139','24.909784345122947','2017-03-01 06:39:15'),(1717,24,'0.0','0.0','2017-03-01 07:52:29'),(1718,24,'91.9328688','25.1565856','2017-03-01 07:52:49'),(1719,24,'91.92910562926347','25.17421408279231','2017-03-01 07:53:09'),(1720,24,'91.92894858699745','25.174415557363478','2017-03-01 07:53:41'),(1721,24,'91.92882794390279','25.17445131363469','2017-03-01 07:53:49'),(1722,24,'91.92879881043572','25.174513967252285','2017-03-01 07:54:09'),(1723,24,'91.92878941267762','25.174513622986165','2017-03-01 07:54:29'),(1724,24,'91.92881777760638','25.17454525630112','2017-03-01 07:54:57'),(1725,24,'91.92881777760638','25.17454525630112','2017-03-01 07:55:33'),(1726,24,'91.92880625683948','25.17455488973848','2017-03-01 07:55:37'),(1727,24,'91.92881297217245','25.1745492647102','2017-03-01 07:55:39'),(1728,24,'91.92879250495085','25.174540513373262','2017-03-01 07:55:49'),(1729,24,'91.92878585802659','25.17453085170429','2017-03-01 07:56:09'),(1730,24,'91.92877589685175','25.174522121756283','2017-03-01 07:56:32'),(1731,24,'91.92877127113243','25.174504110627737','2017-03-01 07:56:49'),(1732,24,'91.9287712686322','25.174504083259738','2017-03-01 07:57:24'),(1733,24,'91.9287712686322','25.174504083259738','2017-03-01 07:57:29'),(1734,24,'91.92877051787961','25.174499267386572','2017-03-01 07:58:19'),(1735,24,'91.92876849379165','25.174504010954013','2017-03-01 07:58:20'),(1736,24,'91.9287633841044','25.174516355567846','2017-03-01 07:58:29'),(1737,24,'91.92876019889079','25.174518174410487','2017-03-01 07:58:49'),(1738,24,'91.92875166818348','25.17451935284925','2017-03-01 07:59:33'),(1739,9,'91.95352716801546','24.91265926840755','2017-03-01 09:05:21'),(1740,21,'0.0','0.0','2017-03-01 11:14:37'),(1741,21,'91.8881454','25.1637974','2017-03-01 11:14:57'),(1742,21,'91.87966266','25.16887304','2017-03-01 11:15:18'),(1743,21,'91.87971694','25.16885413','2017-03-01 11:15:37'),(1744,21,'91.87976714','25.16881606','2017-03-01 11:15:57'),(1745,21,'91.87981213','25.16881567','2017-03-01 11:16:17'),(1746,21,'91.87982438','25.16881764','2017-03-01 11:16:37'),(1747,21,'91.87982612','25.16882611','2017-03-01 11:16:57'),(1748,21,'91.87982463','25.16882849','2017-03-01 11:17:16'),(1749,5,'90.38722043','23.76475385','2017-03-01 12:54:54'),(1750,7,'90.38722043','23.76475385','2017-03-01 12:55:25'),(1751,7,'90.38722043','23.76475385','2017-03-01 12:55:55'),(1752,7,'90.38722043','23.76475385','2017-03-01 12:56:25'),(1753,7,'90.38722043','23.76475385','2017-03-01 12:56:55'),(1754,7,'90.38722043','23.76475385','2017-03-01 13:21:55'),(1755,7,'90.38722043','23.76475385','2017-03-01 13:22:25'),(1756,7,'90.38722043','23.76475385','2017-03-01 13:22:55'),(1757,7,'90.38722043','23.76475385','2017-03-01 13:23:25'),(1758,7,'90.38722043','23.76475385','2017-03-01 13:23:55'),(1759,7,'90.38722043','23.76475385','2017-03-01 13:24:26'),(1760,7,'90.38722043','23.76475385','2017-03-01 13:24:56'),(1761,7,'90.38722043','23.76475385','2017-03-01 13:25:26'),(1762,7,'90.38722043','23.76475385','2017-03-01 13:25:56'),(1763,7,'90.38722043','23.76475385','2017-03-01 13:26:26'),(1764,7,'90.38722043','23.76475385','2017-03-01 13:26:56'),(1765,7,'90.38722043','23.76475385','2017-03-01 13:27:26'),(1766,7,'90.38722043','23.76475385','2017-03-01 13:27:56'),(1767,7,'90.38722043','23.76475385','2017-03-01 13:28:26'),(1768,7,'90.38722043','23.76475385','2017-03-01 13:28:56'),(1769,7,'90.38722043','23.76475385','2017-03-01 13:29:26'),(1770,7,'90.38722043','23.76475385','2017-03-01 13:29:56'),(1771,7,'90.38722043','23.76475385','2017-03-01 13:30:26'),(1772,7,'90.38722043','23.76475385','2017-03-01 13:30:56'),(1773,7,'90.38722043','23.76475385','2017-03-01 13:31:26'),(1774,7,'90.38722043','23.76475385','2017-03-01 13:31:56'),(1775,7,'90.38722043','23.76475385','2017-03-01 13:32:26'),(1776,7,'90.38722043','23.76475385','2017-03-01 13:32:56'),(1777,7,'90.38722043','23.76475385','2017-03-01 13:33:26'),(1778,7,'90.38722043','23.76475385','2017-03-01 13:33:56'),(1779,7,'90.38722043','23.76475385','2017-03-01 13:34:26'),(1780,7,'90.38722043','23.76475385','2017-03-01 13:34:56'),(1781,7,'90.38722043','23.76475385','2017-03-01 13:35:26'),(1782,7,'90.38722043','23.76475385','2017-03-01 13:35:56'),(1783,7,'90.38722043','23.76475385','2017-03-01 13:36:26'),(1784,7,'90.38722043','23.76475385','2017-03-01 13:36:56'),(1785,7,'90.38722043','23.76475385','2017-03-01 13:37:27'),(1786,7,'90.38722043','23.76475385','2017-03-01 13:38:08'),(1787,7,'90.38722043','23.76475385','2017-03-01 13:38:39'),(1788,7,'90.38722043','23.76475385','2017-03-01 13:39:09'),(1789,7,'90.38722043','23.76475385','2017-03-01 13:39:39'),(1790,7,'90.38722043','23.76475385','2017-03-01 13:40:09'),(1791,7,'90.38722043','23.76475385','2017-03-01 13:40:39'),(1792,7,'90.38722043','23.76475385','2017-03-01 13:41:09'),(1793,7,'90.38722043','23.76475385','2017-03-01 13:41:39'),(1794,7,'90.38722043','23.76475385','2017-03-01 13:42:09'),(1795,7,'90.38722043','23.76475385','2017-03-01 13:42:39'),(1796,7,'90.38722043','23.76475385','2017-03-01 13:43:09'),(1797,7,'90.38722043','23.76475385','2017-03-01 13:43:42'),(1798,7,'90.38722043','23.76475385','2017-03-01 13:44:09'),(1799,7,'90.38722043','23.76475385','2017-03-01 13:44:39'),(1800,7,'90.38722043','23.76475385','2017-03-01 13:45:09'),(1801,7,'90.38722043','23.76475385','2017-03-01 13:45:39'),(1802,7,'90.38722043','23.76475385','2017-03-01 13:46:09'),(1803,7,'90.38722043','23.76475385','2017-03-01 13:46:39'),(1804,7,'90.38722043','23.76475385','2017-03-01 13:47:09'),(1805,7,'90.38722043','23.76475385','2017-03-01 13:47:39'),(1806,7,'90.38722043','23.76475385','2017-03-01 13:48:09'),(1807,7,'90.38722043','23.76475385','2017-03-01 13:48:39'),(1808,7,'90.38722043','23.76475385','2017-03-01 13:49:09'),(1809,7,'90.38722043','23.76475385','2017-03-01 13:49:39'),(1810,7,'90.38722043','23.76475385','2017-03-01 13:50:09'),(1811,7,'90.38722043','23.76475385','2017-03-01 13:50:39'),(1812,7,'90.38722043','23.76475385','2017-03-01 13:51:09'),(1813,7,'90.38722043','23.76475385','2017-03-01 13:51:39'),(1814,7,'90.38722043','23.76475385','2017-03-01 13:52:09'),(1815,7,'90.38722043','23.76475385','2017-03-01 13:52:39'),(1816,7,'90.38722043','23.76475385','2017-03-01 13:53:09'),(1817,7,'90.38722043','23.76475385','2017-03-01 13:53:39'),(1818,7,'90.38722043','23.76475385','2017-03-01 13:54:09'),(1819,7,'90.38722043','23.76475385','2017-03-01 13:54:40'),(1820,7,'90.38722043','23.76475385','2017-03-01 13:55:10'),(1821,7,'90.38722043','23.76475385','2017-03-01 13:55:40'),(1822,7,'90.38722043','23.76475385','2017-03-01 13:56:10'),(1823,7,'90.38722043','23.76475385','2017-03-01 13:56:40'),(1824,7,'90.38722043','23.76475385','2017-03-01 13:57:10'),(1825,7,'90.38722043','23.76475385','2017-03-01 13:57:40'),(1826,7,'90.38722043','23.76475385','2017-03-01 13:58:10'),(1827,7,'90.38722043','23.76475385','2017-03-01 13:58:43'),(1828,7,'90.38722043','23.76475385','2017-03-01 13:59:10'),(1829,7,'90.38722043','23.76475385','2017-03-01 13:59:40'),(1830,7,'90.38722043','23.76475385','2017-03-01 14:00:10'),(1831,7,'90.38722043','23.76475385','2017-03-01 14:00:40'),(1832,7,'90.38722043','23.76475385','2017-03-01 14:01:10'),(1833,7,'90.38722043','23.76475385','2017-03-01 14:01:40'),(1834,7,'90.38722043','23.76475385','2017-03-01 14:02:10'),(1835,7,'90.38722043','23.76475385','2017-03-01 14:02:40'),(1836,7,'90.38722043','23.76475385','2017-03-01 14:03:10'),(1837,7,'90.38722043','23.76475385','2017-03-01 14:03:40'),(1838,7,'90.38722043','23.76475385','2017-03-01 14:04:10'),(1839,7,'90.38722043','23.76475385','2017-03-01 14:04:40'),(1840,7,'90.38722043','23.76475385','2017-03-01 14:05:10'),(1841,7,'90.38722043','23.76475385','2017-03-01 14:05:40'),(1842,7,'90.38722043','23.76475385','2017-03-01 14:06:10'),(1843,7,'90.38722043','23.76475385','2017-03-01 14:06:40'),(1844,7,'90.38722043','23.76475385','2017-03-01 14:07:10'),(1845,7,'90.38722043','23.76475385','2017-03-01 14:07:40'),(1846,7,'90.38722043','23.76475385','2017-03-01 14:08:10'),(1847,7,'90.38722043','23.76475385','2017-03-01 14:08:40'),(1848,7,'90.38722043','23.76475385','2017-03-01 14:09:10'),(1849,7,'90.38722043','23.76475385','2017-03-01 14:09:40'),(1850,7,'90.38722043','23.76475385','2017-03-01 14:10:10'),(1851,7,'90.38722043','23.76475385','2017-03-01 14:10:40'),(1852,7,'90.38722043','23.76475385','2017-03-01 14:11:10'),(1853,7,'90.38722043','23.76475385','2017-03-01 14:11:40'),(1854,7,'90.38722043','23.76475385','2017-03-01 14:12:15'),(1855,7,'90.38722043','23.76475385','2017-03-01 14:12:45'),(1856,7,'90.38722043','23.76475385','2017-03-01 14:13:16'),(1857,7,'90.38722043','23.76475385','2017-03-01 14:13:46'),(1858,7,'90.38722043','23.76475385','2017-03-01 14:14:16'),(1859,7,'90.38722043','23.76475385','2017-03-01 14:14:46'),(1860,7,'90.38722043','23.76475385','2017-03-01 14:15:16'),(1861,7,'90.38722043','23.76475385','2017-03-01 14:15:46'),(1862,7,'90.38722043','23.76475385','2017-03-01 14:16:16'),(1863,7,'90.38722043','23.76475385','2017-03-01 14:16:46'),(1864,7,'90.38722043','23.76475385','2017-03-01 14:17:16'),(1865,7,'90.38722043','23.76475385','2017-03-01 14:17:46'),(1866,7,'90.38722043','23.76475385','2017-03-01 14:18:16'),(1867,7,'90.38722043','23.76475385','2017-03-01 14:18:46'),(1868,7,'90.38722043','23.76475385','2017-03-01 14:19:16'),(1869,7,'90.38722043','23.76475385','2017-03-01 14:19:46'),(1870,7,'90.38722043','23.76475385','2017-03-01 14:20:16'),(1871,7,'90.38722043','23.76475385','2017-03-01 14:20:46'),(1872,7,'90.38722043','23.76475385','2017-03-01 14:21:16'),(1873,7,'90.38722043','23.76475385','2017-03-01 14:21:49'),(1874,7,'90.38722043','23.76475385','2017-03-01 14:22:16'),(1875,7,'90.38722043','23.76475385','2017-03-01 14:22:46'),(1876,7,'90.38722043','23.76475385','2017-03-01 14:23:16'),(1877,7,'90.38722043','23.76475385','2017-03-01 14:23:46'),(1878,7,'90.38722043','23.76475385','2017-03-01 14:24:16'),(1879,7,'90.38722043','23.76475385','2017-03-01 14:24:46'),(1880,7,'90.38722043','23.76475385','2017-03-01 14:25:16'),(1881,7,'90.38722043','23.76475385','2017-03-01 14:25:46'),(1882,7,'90.38722043','23.76475385','2017-03-01 14:26:16'),(1883,7,'90.38722043','23.76475385','2017-03-01 14:26:46'),(1884,7,'90.38722043','23.76475385','2017-03-01 14:27:16'),(1885,7,'90.38722043','23.76475385','2017-03-01 14:27:46'),(1886,7,'90.38722043','23.76475385','2017-03-01 14:28:16'),(1887,7,'90.38722043','23.76475385','2017-03-01 14:28:46'),(1888,7,'90.38722043','23.76475385','2017-03-01 14:29:16'),(1889,7,'90.38722043','23.76475385','2017-03-01 14:29:46'),(1890,7,'90.38722043','23.76475385','2017-03-01 14:32:50'),(1891,7,'90.38722043','23.76475385','2017-03-01 14:32:50'),(1892,7,'90.38722043','23.76475385','2017-03-01 14:33:17'),(1893,7,'90.38722043','23.76475385','2017-03-01 14:33:47'),(1894,7,'90.38722043','23.76475385','2017-03-01 14:34:17'),(1895,7,'90.38722043','23.76475385','2017-03-01 14:34:47'),(1896,7,'90.38722043','23.76475385','2017-03-01 14:35:17'),(1897,7,'90.38722043','23.76475385','2017-03-01 14:35:47'),(1898,7,'90.38722043','23.76475385','2017-03-01 14:36:17'),(1899,7,'90.38722043','23.76475385','2017-03-01 14:36:47'),(1900,7,'90.38722043','23.76475385','2017-03-01 14:37:17'),(1901,7,'90.38722043','23.76475385','2017-03-01 14:37:47'),(1902,7,'90.38722043','23.76475385','2017-03-01 14:38:17'),(1903,7,'90.38722043','23.76475385','2017-03-01 14:38:47'),(1904,7,'90.38722043','23.76475385','2017-03-01 14:39:17'),(1905,7,'90.38722043','23.76475385','2017-03-01 14:39:47'),(1906,7,'90.38722043','23.76475385','2017-03-01 14:40:17'),(1907,7,'90.38722043','23.76475385','2017-03-01 14:40:47'),(1908,7,'90.38722043','23.76475385','2017-03-01 14:41:17'),(1909,7,'90.38722043','23.76475385','2017-03-01 14:41:47'),(1910,7,'90.38722043','23.76475385','2017-03-01 14:42:17'),(1911,7,'90.38722043','23.76475385','2017-03-01 14:42:47'),(1912,7,'90.38722043','23.76475385','2017-03-01 14:43:17'),(1913,7,'90.38722043','23.76475385','2017-03-01 14:43:48'),(1914,7,'90.38722043','23.76475385','2017-03-01 14:44:23'),(1915,7,'90.38722043','23.76475385','2017-03-01 14:44:53'),(1916,7,'90.38722043','23.76475385','2017-03-01 14:45:23'),(1917,7,'90.38722043','23.76475385','2017-03-01 14:45:53'),(1918,7,'90.38722043','23.76475385','2017-03-01 14:46:23'),(1919,7,'90.38722043','23.76475385','2017-03-01 14:46:53'),(1920,7,'90.38722043','23.76475385','2017-03-01 14:47:23'),(1921,7,'90.38722043','23.76475385','2017-03-01 14:47:53'),(1922,7,'90.38722043','23.76475385','2017-03-01 14:48:23'),(1923,7,'90.38722043','23.76475385','2017-03-01 14:48:53'),(1924,7,'90.38722043','23.76475385','2017-03-01 14:49:23'),(1925,7,'90.38722043','23.76475385','2017-03-01 14:49:53'),(1926,7,'90.38722043','23.76475385','2017-03-01 14:50:23'),(1927,7,'90.38722043','23.76475385','2017-03-01 14:50:53'),(1928,7,'90.38722043','23.76475385','2017-03-01 14:51:23'),(1929,7,'90.38722043','23.76475385','2017-03-01 14:51:53'),(1930,7,'90.38722043','23.76475385','2017-03-01 14:52:23'),(1931,7,'90.38722043','23.76475385','2017-03-01 14:52:53'),(1932,7,'90.38722043','23.76475385','2017-03-01 14:53:23'),(1933,7,'90.38722043','23.76475385','2017-03-01 14:53:40'),(1934,7,'90.38722043','23.76475385','2017-03-01 14:54:10'),(1935,7,'90.38722043','23.76475385','2017-03-01 14:54:40'),(1936,7,'90.38722043','23.76475385','2017-03-01 14:55:10'),(1937,7,'90.38722043','23.76475385','2017-03-01 14:55:41'),(1938,7,'90.38722043','23.76475385','2017-03-01 14:56:11'),(1939,7,'90.38722043','23.76475385','2017-03-01 14:56:41'),(1940,7,'90.38722043','23.76475385','2017-03-01 14:57:11'),(1941,7,'90.38722043','23.76475385','2017-03-01 14:57:41'),(1942,7,'90.38722043','23.76475385','2017-03-01 14:58:11'),(1943,7,'90.38722043','23.76475385','2017-03-01 14:58:41'),(1944,7,'90.38722043','23.76475385','2017-03-01 14:59:11'),(1945,7,'90.38722043','23.76475385','2017-03-01 14:59:41'),(1946,7,'90.38722043','23.76475385','2017-03-01 15:00:11'),(1947,7,'90.38722043','23.76475385','2017-03-01 15:00:41'),(1948,7,'90.38722043','23.76475385','2017-03-01 15:01:11'),(1949,7,'90.38722043','23.76475385','2017-03-01 15:01:41'),(1950,7,'90.38722043','23.76475385','2017-03-01 15:02:11'),(1951,7,'90.38722043','23.76475385','2017-03-01 15:02:41'),(1952,7,'90.38722043','23.76475385','2017-03-01 15:03:11'),(1953,7,'90.38722043','23.76475385','2017-03-01 15:03:41'),(1954,7,'90.38722043','23.76475385','2017-03-01 15:04:11'),(1955,7,'90.38722043','23.76475385','2017-03-01 15:04:41'),(1956,7,'90.38722043','23.76475385','2017-03-01 15:05:11'),(1957,7,'90.38722043','23.76475385','2017-03-01 15:05:41'),(1958,7,'90.38722043','23.76475385','2017-03-01 15:06:11'),(1959,7,'90.38722043','23.76475385','2017-03-01 15:06:41'),(1960,7,'90.38722043','23.76475385','2017-03-01 15:07:14'),(1961,7,'90.38722043','23.76475385','2017-03-01 15:07:41'),(1962,7,'90.38722043','23.76475385','2017-03-01 15:08:11'),(1963,7,'90.38722043','23.76475385','2017-03-01 15:08:41'),(1964,7,'90.38722043','23.76475385','2017-03-01 15:09:11'),(1965,7,'90.38722043','23.76475385','2017-03-01 15:09:41'),(1966,7,'90.38722043','23.76475385','2017-03-01 15:10:11'),(1967,7,'90.38722043','23.76475385','2017-03-01 15:10:41'),(1968,7,'90.38722043','23.76475385','2017-03-01 15:11:11'),(1969,7,'90.38722043','23.76475385','2017-03-01 15:11:41'),(1970,7,'90.38722043','23.76475385','2017-03-01 15:12:14'),(1971,7,'90.38722043','23.76475385','2017-03-01 15:12:42'),(1972,7,'90.38722043','23.76475385','2017-03-01 15:13:12'),(1973,7,'90.38722043','23.76475385','2017-03-01 15:13:42'),(1974,7,'90.38722043','23.76475385','2017-03-01 15:14:12'),(1975,7,'90.38722043','23.76475385','2017-03-01 15:14:42'),(1976,7,'90.38722043','23.76475385','2017-03-01 15:15:12'),(1977,7,'90.38722043','23.76475385','2017-03-01 15:15:42'),(1978,7,'90.38722043','23.76475385','2017-03-01 15:16:12'),(1979,7,'90.38722043','23.76475385','2017-03-01 15:16:42'),(1980,7,'90.38722043','23.76475385','2017-03-01 15:17:12'),(1981,7,'90.38722043','23.76475385','2017-03-01 15:17:42'),(1982,7,'90.38722043','23.76475385','2017-03-01 15:18:12'),(1983,7,'90.38722043','23.76475385','2017-03-01 15:18:42'),(1984,7,'90.38722043','23.76475385','2017-03-01 15:19:12'),(1985,7,'90.38722043','23.76475385','2017-03-01 15:19:42'),(1986,7,'90.38722043','23.76475385','2017-03-01 15:20:12'),(1987,7,'90.38722043','23.76475385','2017-03-01 15:20:42'),(1988,7,'90.38722043','23.76475385','2017-03-01 15:21:12'),(1989,7,'90.38722043','23.76475385','2017-03-01 15:21:42'),(1990,7,'90.38722043','23.76475385','2017-03-01 15:22:12'),(1991,7,'90.38722043','23.76475385','2017-03-01 15:22:42'),(1992,7,'90.38722043','23.76475385','2017-03-01 15:23:12'),(1993,7,'90.38722043','23.76475385','2017-03-01 15:23:42'),(1994,7,'90.38722043','23.76475385','2017-03-01 15:24:12'),(1995,7,'90.38722043','23.76475385','2017-03-01 15:24:42'),(1996,7,'90.38722043','23.76475385','2017-03-01 15:25:12'),(1997,7,'90.38722043','23.76475385','2017-03-01 15:25:42'),(1998,7,'90.38722043','23.76475385','2017-03-01 15:26:12'),(1999,7,'90.38722043','23.76475385','2017-03-01 15:26:42'),(2000,7,'90.38722043','23.76475385','2017-03-01 15:27:12'),(2001,7,'90.38722043','23.76475385','2017-03-01 15:27:42'),(2002,7,'90.38722043','23.76475385','2017-03-01 15:28:12'),(2003,7,'90.38722043','23.76475385','2017-03-01 15:28:42'),(2004,7,'90.38722043','23.76475385','2017-03-01 15:29:12'),(2005,7,'90.38722043','23.76475385','2017-03-01 15:29:43'),(2006,7,'90.38722043','23.76475385','2017-03-01 15:30:13'),(2007,7,'90.38722043','23.76475385','2017-03-01 15:30:43'),(2008,7,'90.38722043','23.76475385','2017-03-01 15:31:13'),(2009,7,'90.38722043','23.76475385','2017-03-01 15:31:43'),(2010,7,'90.38722043','23.76475385','2017-03-01 15:32:13'),(2011,7,'90.38722043','23.76475385','2017-03-01 15:32:43'),(2012,7,'90.38722043','23.76475385','2017-03-01 15:33:13'),(2013,7,'90.38722043','23.76475385','2017-03-01 15:33:43'),(2014,7,'90.38722043','23.76475385','2017-03-01 15:34:13'),(2015,7,'90.38722043','23.76475385','2017-03-01 15:34:43'),(2016,7,'90.38722043','23.76475385','2017-03-01 16:13:16'),(2017,7,'90.38722043','23.76475385','2017-03-01 16:13:45'),(2018,7,'90.38722043','23.76475385','2017-03-01 16:14:15'),(2019,7,'90.38722043','23.76475385','2017-03-01 16:14:46'),(2020,7,'90.38722043','23.76475385','2017-03-01 16:15:16'),(2021,7,'90.38722043','23.76475385','2017-03-01 16:15:46'),(2022,7,'90.38722043','23.76475385','2017-03-01 16:16:16'),(2023,7,'90.38722043','23.76475385','2017-03-01 16:16:46'),(2024,7,'90.38722043','23.76475385','2017-03-01 16:17:16'),(2025,7,'90.38722043','23.76475385','2017-03-01 16:17:46'),(2026,7,'90.38722043','23.76475385','2017-03-01 16:18:16'),(2027,7,'90.38722043','23.76475385','2017-03-01 16:18:46'),(2028,7,'90.38722043','23.76475385','2017-03-01 16:19:16'),(2029,7,'90.38722043','23.76475385','2017-03-01 16:19:46'),(2030,7,'90.38722043','23.76475385','2017-03-01 16:20:16'),(2031,7,'90.38722043','23.76475385','2017-03-01 16:20:46'),(2032,7,'90.38722043','23.76475385','2017-03-01 16:21:16'),(2033,7,'90.38722043','23.76475385','2017-03-01 16:21:46'),(2034,7,'90.38722043','23.76475385','2017-03-01 16:22:16'),(2035,7,'90.38722043','23.76475385','2017-03-01 16:22:46'),(2036,7,'90.38722043','23.76475385','2017-03-01 16:23:16'),(2037,7,'90.38722043','23.76475385','2017-03-01 16:23:46'),(2038,7,'90.38722043','23.76475385','2017-03-01 16:24:16'),(2039,7,'90.38722043','23.76475385','2017-03-01 16:24:46'),(2040,7,'90.38722043','23.76475385','2017-03-01 16:25:16'),(2041,7,'90.38722043','23.76475385','2017-03-01 16:25:46'),(2042,7,'90.38722043','23.76475385','2017-03-01 16:26:16'),(2043,7,'90.38722043','23.76475385','2017-03-01 16:26:46'),(2044,7,'90.38722043','23.76475385','2017-03-01 16:27:16'),(2045,7,'90.38722043','23.76475385','2017-03-01 16:27:46'),(2046,7,'90.38722043','23.76475385','2017-03-01 16:28:16'),(2047,7,'90.38722043','23.76475385','2017-03-01 16:28:46'),(2048,7,'90.38722043','23.76475385','2017-03-01 16:29:16'),(2049,7,'90.38722043','23.76475385','2017-03-01 16:29:46'),(2050,7,'90.38722043','23.76475385','2017-03-01 16:30:16'),(2051,7,'90.38722043','23.76475385','2017-03-01 16:30:46'),(2052,7,'90.38722043','23.76475385','2017-03-01 16:31:16'),(2053,7,'90.38722043','23.76475385','2017-03-01 16:31:47'),(2054,7,'90.38722043','23.76475385','2017-03-01 16:32:17'),(2055,7,'90.38722043','23.76475385','2017-03-01 16:32:47'),(2056,7,'90.38722043','23.76475385','2017-03-01 16:33:17'),(2057,7,'90.38722043','23.76475385','2017-03-01 16:33:47'),(2058,7,'90.38722043','23.76475385','2017-03-01 16:34:17'),(2059,7,'90.38722043','23.76475385','2017-03-01 16:34:47'),(2060,7,'90.38722043','23.76475385','2017-03-01 16:35:17'),(2061,7,'90.38722043','23.76475385','2017-03-01 16:35:47'),(2062,7,'90.38722043','23.76475385','2017-03-01 16:36:17'),(2063,7,'90.38722043','23.76475385','2017-03-01 16:36:47'),(2064,7,'90.38722043','23.76475385','2017-03-01 16:37:17'),(2065,7,'90.38722043','23.76475385','2017-03-01 16:37:47'),(2066,7,'90.38722043','23.76475385','2017-03-01 16:38:17'),(2067,7,'90.38722043','23.76475385','2017-03-01 16:38:47'),(2068,7,'90.38722043','23.76475385','2017-03-01 16:39:17'),(2069,7,'90.38722043','23.76475385','2017-03-01 16:39:50'),(2070,7,'90.38722043','23.76475385','2017-03-01 16:40:17'),(2071,7,'90.38722043','23.76475385','2017-03-01 16:40:47'),(2072,7,'90.38722043','23.76475385','2017-03-01 16:41:21'),(2073,7,'90.38722043','23.76475385','2017-03-01 16:41:51'),(2074,7,'90.38722043','23.76475385','2017-03-01 16:42:21'),(2075,7,'90.38722043','23.76475385','2017-03-01 16:42:51'),(2076,7,'90.38722043','23.76475385','2017-03-01 16:46:07'),(2077,7,'90.38722043','23.76475385','2017-03-01 16:46:40'),(2078,7,'90.38722043','23.76475385','2017-03-01 16:47:07'),(2079,7,'90.38722043','23.76475385','2017-03-01 16:47:37'),(2080,7,'90.38722043','23.76475385','2017-03-01 16:48:07'),(2081,7,'90.38722043','23.76475385','2017-03-01 16:48:37'),(2082,7,'90.38722043','23.76475385','2017-03-01 16:49:07'),(2083,7,'90.38722043','23.76475385','2017-03-01 16:49:37'),(2084,7,'90.38722043','23.76475385','2017-03-01 16:50:07'),(2085,6,'91.883297','25.174009','2017-03-01 17:01:18'),(2086,6,'91.883475','25.174262','2017-03-01 17:02:41'),(2087,6,'91.883652','25.174446','2017-03-01 17:19:06'),(2088,6,'91.883872','25.174742','2017-03-01 17:19:54'),(2089,6,'91.884129','25.175106','2017-03-01 17:20:50'),(2090,6,'91.884376','25.175431','2017-03-01 17:21:46'),(2091,6,'91.884596','25.175713','2017-03-01 17:22:33'),(2092,6,'91.884966','25.175970','2017-03-01 17:23:08'),(2093,6,'91.885438','25.176150','2017-03-01 17:23:49'),(2094,6,'91.885776','25.176344','2017-03-01 17:29:28'),(2095,6,'91.886114','25.176257','2017-03-01 17:31:00'),(2096,6,'91.886447','25.176063','2017-03-01 17:32:09'),(2097,6,'91.886876','25.175786','2017-03-01 17:33:37'),(2098,6,'91.887268','25.175451','2017-03-01 17:35:04'),(2099,6,'91.887450','25.175019','2017-03-01 17:40:56'),(2100,6,'91.887697','25.175000','2017-03-01 17:42:09'),(2101,6,'91.887997','25.174641','2017-03-01 17:43:02'),(2102,6,'91.888271','25.174821','2017-03-01 17:43:36'),(2103,6,'91.888573','25.174718','2017-03-01 17:44:20'),(2104,6,'91.888976','25.174912','2017-03-01 17:44:54'),(2105,6,'91.888976','25.174912','2017-03-01 17:45:28'),(2106,6,'91.888976','25.174912','2017-03-01 17:55:17'),(2107,6,'91.889266','25.175082','2017-03-01 17:56:45'),(2108,6,'91.889502','25.175288','2017-03-01 17:58:05'),(2109,6,'91.889707','25.175488','2017-03-01 18:43:52'),(2110,9,'0.0','0.0','2017-03-02 00:12:33'),(2111,9,'91.95362361766124','24.912608683254714','2017-03-02 00:12:53'),(2112,9,'91.95356468246366','24.912684033202396','2017-03-02 00:13:14'),(2113,9,'91.95356468246366','24.912684033202396','2017-03-02 00:13:33'),(2114,9,'91.95356468246366','24.912684033202396','2017-03-02 00:13:53'),(2115,9,'91.95356468246366','24.912684033202396','2017-03-02 00:14:15'),(2116,9,'91.95356468246366','24.912684033202396','2017-03-02 00:14:33'),(2117,9,'91.95356468246366','24.912684033202396','2017-03-02 00:14:56'),(2118,9,'91.95356468246366','24.912684033202396','2017-03-02 00:15:13'),(2119,9,'91.95356468246366','24.912684033202396','2017-03-02 00:15:33'),(2120,9,'91.95374610788106','24.912973123776048','2017-03-02 00:15:53'),(2121,9,'91.95471174172496','24.91353593355925','2017-03-02 00:16:13'),(2122,9,'91.95385237688835','24.912937200279988','2017-03-02 00:16:33'),(2123,9,'91.95385237688835','24.912937200279988','2017-03-02 00:16:53'),(2124,9,'91.95385237688835','24.912937200279988','2017-03-02 00:17:13'),(2125,9,'91.95385237688835','24.912937200279988','2017-03-02 00:17:33'),(2126,9,'91.95385237688835','24.912937200279988','2017-03-02 00:17:53'),(2127,9,'91.95349346458907','24.912764508724273','2017-03-02 00:18:13'),(2128,9,'91.95349346458907','24.912764508724273','2017-03-02 00:18:33'),(2129,9,'91.95349346458907','24.912764508724273','2017-03-02 00:18:53'),(2130,9,'91.95349346458907','24.912764508724273','2017-03-02 00:19:16'),(2131,9,'91.95349346458907','24.912764508724273','2017-03-02 00:19:33'),(2132,9,'91.95349346458907','24.912764508724273','2017-03-02 00:19:53'),(2133,9,'91.95349346458907','24.912764508724273','2017-03-02 00:20:13'),(2134,9,'91.95349346458907','24.912764508724273','2017-03-02 00:20:33'),(2135,9,'91.95349346458907','24.912764508724273','2017-03-02 00:20:55'),(2136,9,'91.95349346458907','24.912764508724273','2017-03-02 00:21:13'),(2137,9,'91.95349346458907','24.912764508724273','2017-03-02 00:21:33'),(2138,9,'91.95349346458907','24.912764508724273','2017-03-02 00:21:56'),(2139,9,'91.95349346458907','24.912764508724273','2017-03-02 00:22:14'),(2140,9,'91.95349346458907','24.912764508724273','2017-03-02 00:22:34'),(2141,9,'91.95349346458907','24.912764508724273','2017-03-02 00:22:54'),(2142,9,'91.95349346458907','24.912764508724273','2017-03-02 00:23:16'),(2143,9,'91.9536810453453','24.912782776412083','2017-03-02 00:23:34'),(2144,9,'91.953934370035','24.91280243461444','2017-03-02 00:23:54'),(2145,9,'91.953934370035','24.91280243461444','2017-03-02 00:24:14'),(2146,9,'91.953934370035','24.91280243461444','2017-03-02 00:24:34'),(2147,9,'91.953934370035','24.91280243461444','2017-03-02 00:24:56'),(2148,9,'91.953934370035','24.91280243461444','2017-03-02 00:25:14'),(2149,9,'91.953934370035','24.91280243461444','2017-03-02 00:25:34'),(2150,9,'91.95401086160199','24.91285852453378','2017-03-02 00:25:54'),(2151,9,'91.95401086160199','24.91285852453378','2017-03-02 00:26:14'),(2152,9,'91.95401086160199','24.91285852453378','2017-03-02 00:26:34'),(2153,9,'91.95401086160199','24.91285852453378','2017-03-02 00:26:56'),(2154,9,'91.95401086160199','24.91285852453378','2017-03-02 00:27:14'),(2155,9,'91.95401086160199','24.91285852453378','2017-03-02 00:27:34'),(2156,9,'91.95401086160199','24.91285852453378','2017-03-02 00:27:56'),(2157,9,'91.95353130421474','24.912805747274284','2017-03-02 00:28:15'),(2158,9,'91.95353130421474','24.912805747274284','2017-03-02 00:28:35'),(2159,9,'91.95353130421474','24.912805747274284','2017-03-02 00:28:54'),(2160,9,'91.95353130421474','24.912805747274284','2017-03-02 00:29:14'),(2161,9,'91.95353130421474','24.912805747274284','2017-03-02 00:29:35'),(2162,9,'91.95353130421474','24.912805747274284','2017-03-02 00:29:56'),(2163,9,'91.95353130421474','24.912805747274284','2017-03-02 00:30:15'),(2164,9,'91.95353130421474','24.912805747274284','2017-03-02 00:30:35'),(2165,9,'91.95353130421474','24.912805747274284','2017-03-02 00:30:57'),(2166,9,'91.95353130421474','24.912805747274284','2017-03-02 00:31:17'),(2167,9,'91.95353130421474','24.912805747274284','2017-03-02 00:31:36'),(2168,9,'91.95353130421474','24.912805747274284','2017-03-02 00:31:56'),(2169,9,'91.95353130421474','24.912805747274284','2017-03-02 00:32:15'),(2170,9,'91.95353130421474','24.912805747274284','2017-03-02 00:32:35'),(2171,9,'91.95353130421474','24.912805747274284','2017-03-02 00:32:56'),(2172,9,'91.95353130421474','24.912805747274284','2017-03-02 00:33:15'),(2173,9,'91.95353130421474','24.912805747274284','2017-03-02 00:33:35'),(2174,9,'91.95353130421474','24.912805747274284','2017-03-02 00:33:55'),(2175,9,'91.95353130421474','24.912805747274284','2017-03-02 00:34:17'),(2176,9,'91.95353130421474','24.912805747274284','2017-03-02 00:34:35'),(2177,9,'91.95353130421474','24.912805747274284','2017-03-02 00:34:57'),(2178,9,'91.95353130421474','24.912805747274284','2017-03-02 00:35:15'),(2179,9,'91.95353130421474','24.912805747274284','2017-03-02 00:35:35'),(2180,9,'91.95353130421474','24.912805747274284','2017-03-02 00:35:55'),(2181,9,'91.95353130421474','24.912805747274284','2017-03-02 00:36:15'),(2182,9,'91.95353130421474','24.912805747274284','2017-03-02 00:36:35'),(2183,9,'91.95353130421474','24.912805747274284','2017-03-02 00:36:55'),(2184,9,'91.95353130421474','24.912805747274284','2017-03-02 00:37:15'),(2185,9,'91.95353130421474','24.912805747274284','2017-03-02 00:37:36'),(2186,9,'91.95353130421474','24.912805747274284','2017-03-02 00:37:57'),(2187,9,'91.95353130421474','24.912805747274284','2017-03-02 00:38:16'),(2188,9,'91.95353130421474','24.912805747274284','2017-03-02 00:38:36'),(2189,9,'91.95353130421474','24.912805747274284','2017-03-02 00:38:57'),(2190,23,'91.914125','25.152761666666667','2017-03-02 04:12:08'),(2191,23,'91.92885833333334','25.1746','2017-03-02 04:12:28'),(2192,9,'91.8457026','24.9130703','2017-03-04 03:35:54'),(2193,9,'91.845072','24.916311','2017-03-04 03:36:14'),(2194,9,'91.845072','24.916311','2017-03-04 03:37:29'),(2195,7,'0.0','0.0','2017-03-04 06:04:10'),(2196,7,'91.934587','24.9125029','2017-03-04 06:04:39'),(2197,7,'91.934587','24.9125029','2017-03-04 06:05:10'),(2198,7,'91.934587','24.9125029','2017-03-04 06:05:43'),(2199,7,'91.934587','24.9125029','2017-03-04 06:06:10'),(2200,7,'91.934587','24.9125029','2017-03-04 06:06:40'),(2201,7,'91.934587','24.9125029','2017-03-04 06:07:10'),(2202,7,'91.934587','24.9125029','2017-03-04 06:07:43'),(2203,7,'91.934587','24.9125029','2017-03-04 06:08:10'),(2204,21,'0.0','0.0','2017-03-04 11:53:31'),(2205,21,'91.87976746','25.16898063','2017-03-04 11:53:50'),(2206,21,'91.87968434','25.16905611','2017-03-04 11:54:12');
/*!40000 ALTER TABLE `soldier_location` ENABLE KEYS */;
UNLOCK TABLES;
/*!40103 SET TIME_ZONE=@OLD_TIME_ZONE */;

/*!40101 SET SQL_MODE=@OLD_SQL_MODE */;
/*!40014 SET FOREIGN_KEY_CHECKS=@OLD_FOREIGN_KEY_CHECKS */;
/*!40014 SET UNIQUE_CHECKS=@OLD_UNIQUE_CHECKS */;
/*!40101 SET CHARACTER_SET_CLIENT=@OLD_CHARACTER_SET_CLIENT */;
/*!40101 SET CHARACTER_SET_RESULTS=@OLD_CHARACTER_SET_RESULTS */;
/*!40101 SET COLLATION_CONNECTION=@OLD_COLLATION_CONNECTION */;
/*!40111 SET SQL_NOTES=@OLD_SQL_NOTES */;

-- Dump completed on 2017-03-19  3:16:19
